ID_Gerador,ID_Barra,Pot_Ativa_MW,Pot_Reativa_Mvar,P_Max_MW,P_Min_MW,Status
1,47359,47.5200,-0.1780,144.0000,0.0000,0
2,9682,50.0000,7.9440,80.0000,0.0000,1
3,1863,47.9000,-4.8400,47.9000,0.0000,1
4,4335,2.9000,0.0000,99999.0000,0.0000,0
5,45980,0.0000,0.0000,99999.0000,0.0000,1
6,6598,4.6000,0.0000,99999.0000,0.0000,0
7,8746,8.9100,-3.3000,27.0000,0.0000,0
8,47002,16.6000,0.0000,99999.0000,0.0000,0
9,46944,0.3000,0.0000,99999.0000,0.0000,0
10,7199,18.2100,-2.4100,55.2000,0.0000,0
11,46981,10.8000,0.0000,99999.0000,0.0000,0
12,47356,47.5200,-0.7020,144.0000,0.0000,0
13,841,0.1000,0.0000,99999.0000,0.0000,0
14,984,11.0000,0.3843,11.4000,0.0000,1
15,9451,0.0000,0.0000,99999.0000,0.0000,1
16,47053,3.4000,0.8000,99999.0000,0.0000,0
17,6073,58.8000,-3.9000,178.2000,0.0000,0
18,47848,0.1000,0.0000,99999.0000,0.0000,0
19,8385,28.2100,-6.9300,85.5000,0.0000,0
20,4157,3.4000,0.0000,99999.0000,0.0000,0
21,922,0.0000,0.0000,99999.0000,0.0000,1
22,9400,0.1000,0.0000,99999.0000,0.0000,0
23,8524,0.0000,0.0000,99999.0000,0.0000,1
24,46593,37.6200,-14.5000,114.0000,0.0000,0
25,8612,31.0000,13.1900,36.1020,0.0000,1
26,6027,0.0000,0.0000,99999.0000,0.0000,1
27,5744,20.1600,-11.2000,61.1000,0.0000,0
28,9582,30.0000,1.0580,30.0000,0.0000,0
29,47614,47.5200,1.2690,144.0000,0.0000,0
30,4073,0.1000,0.0000,99999.0000,0.0000,0
31,6842,0.6000,0.0000,99999.0000,0.0000,0
32,6347,0.0000,5.3980,99999.0000,0.0000,1
33,8651,14.4200,-1.7100,43.7000,0.0000,0
34,44824,5.9400,-0.7500,18.0000,0.0000,0
35,9419,0.1000,0.0000,99999.0000,0.0000,0
36,6313,0.1000,0.0699,0.1000,0.0000,1
37,826,0.8000,0.0000,99999.0000,0.0000,0
38,9732,27.0000,-3.2100,27.0000,0.0000,0
39,32,350.0000,-9.4900,350.0000,0.0000,1
40,47785,5.0000,0.0000,99999.0000,0.0000,0
41,4251,0.1000,0.0000,99999.0000,0.0000,0
42,340,0.2000,0.0000,99999.0000,0.0000,0
43,6618,10.3900,-6.3700,31.5000,0.0000,0
44,958,28.1000,0.0000,99999.0000,0.0000,0
45,47069,22.3000,0.0000,99999.0000,0.0000,0
46,10012,129.6000,-26.6000,129.6000,0.0000,0
47,46988,4.4000,0.0000,99999.0000,0.0000,0
48,513,525.0000,-30.2000,525.0000,0.0000,1
49,47200,0.8000,0.0000,99999.0000,0.0000,0
50,2468,0.1000,0.0000,99999.0000,0.0000,0
51,44993,40.9200,-6.5900,128.0000,0.0000,0
52,9948,9.0000,-1.8900,9.0000,0.0000,0
53,921,381.0000,-1.3800,381.0000,0.0000,1
54,2490,0.1000,0.0000,99999.0000,0.0000,0
55,809,0.0000,0.0000,99999.0000,0.0000,1
56,8442,33.2600,-7.6900,100.8000,0.0000,0
57,48003,13.7000,0.0000,99999.0000,0.0000,0
58,46878,2.7000,0.0000,99999.0000,0.0000,0
59,6042,9.0090,-3.0000,27.3000,0.0000,0
60,7619,5.4000,0.0000,99999.0000,0.0000,0
61,48006,1.7000,0.0000,99999.0000,0.0000,0
62,503,221.0000,28.9100,221.6000,0.0000,1
63,4902,25.3000,0.0000,99999.0000,0.0000,0
64,7353,0.0000,0.0000,99999.0000,0.0000,1
65,8421,0.0000,0.0000,99999.0000,0.0000,1
66,10,640.0000,150.8000,640.0000,0.0000,1
67,8239,14.7300,-2.4100,44.6500,0.0000,0
68,47690,0.4000,0.0000,99999.0000,0.0000,0
69,1156,0.0000,0.0000,99999.0000,0.0000,1
70,8823,0.0000,0.0000,99999.0000,0.0000,1
71,1866,46.0000,0.0000,99999.0000,0.0000,1
72,46898,3.1000,0.0000,99999.0000,0.0000,0
73,8865,5.0000,0.6658,5.0000,0.0000,1
74,48013,9.1000,0.0000,99999.0000,0.0000,0
75,9767,0.0000,0.0000,99999.0000,0.0000,1
76,45135,16.9200,0.8770,119.7000,0.0000,0
77,46880,0.5000,0.0000,99999.0000,0.0000,0
78,46855,32.2000,0.0000,99999.0000,0.0000,0
79,2443,0.1000,0.0000,99999.0000,0.0000,0
80,20,1488.0000,-367.0000,1488.0000,0.0000,1
81,5827,0.0000,0.0000,99999.0000,0.0000,1
82,5151,0.0000,0.0000,99999.0000,0.0000,1
83,6036,19.8300,-0.9270,60.1200,0.0000,0
84,47734,30.8000,0.0000,99999.0000,0.0000,1
85,6135,18.6100,-11.0000,56.4000,0.0000,0
86,2436,0.1000,0.0000,99999.0000,0.0000,0
87,46420,32.6700,-4.3000,99.0000,0.0000,0
88,1621,2.0000,0.0000,99999.0000,0.0000,0
89,3997,23.9000,0.0000,99999.0000,0.0000,0
90,5040,30.6900,-10.1000,93.0000,0.0000,0
91,47049,3.8000,0.0000,99999.0000,0.0000,0
92,47210,0.5000,0.0000,99999.0000,0.0000,0
93,47034,10.0000,0.0000,99999.0000,0.0000,0
94,44763,0.0000,0.0000,99999.0000,0.0000,1
95,46956,17.5000,0.0000,99999.0000,0.0000,0
96,6556,18.0000,-0.5450,77.8000,0.0000,1
97,47739,6.3000,-1.9800,6.3000,0.0000,1
98,7463,0.0000,0.0000,99999.0000,0.0000,1
99,3993,30.0000,0.0000,99999.0000,0.0000,0
100,46980,1.6000,0.0000,99999.0000,0.0000,0
101,46863,1.7000,0.0000,99999.0000,0.0000,0
102,6025,0.0000,0.0000,99999.0000,0.0000,1
103,8636,19.8000,-3.7100,60.0000,0.0000,0
104,2365,0.1000,0.0000,99999.0000,0.0000,0
105,885,0.1000,0.0000,99999.0000,0.0000,0
106,45976,0.0000,0.0000,99999.0000,0.0000,1
107,6785,37.2200,-0.8760,112.8000,0.0000,0
108,47302,4.3000,0.0000,99999.0000,0.0000,0
109,44514,2.2860,-1.1900,6.9300,0.0000,0
110,7094,5.1000,0.0000,99999.0000,0.0000,0
111,46836,1.5000,0.0000,99999.0000,0.0000,0
112,1151,0.0000,0.0000,99999.0000,0.0000,1
113,46963,25.7000,0.0000,99999.0000,0.0000,0
114,2051,0.0000,0.0000,99999.0000,0.0000,1
115,45338,0.0000,0.0000,99999.0000,0.0000,1
116,803,0.0000,0.0000,99999.0000,0.0000,1
117,9705,0.1000,0.0000,99999.0000,0.0000,0
118,47826,47.5000,0.0000,99999.0000,0.0000,0
119,47795,8.4000,0.0000,99999.0000,0.0000,0
120,6777,18.7100,-0.1070,56.7000,0.0000,0
121,4042,163.0000,5.7030,330.6000,0.0000,1
122,8644,13.6600,-4.4300,41.4000,0.0000,0
123,8074,24.2800,-6.3300,73.6000,0.0000,0
124,47301,6.4000,0.0000,99999.0000,0.0000,0
125,3977,0.0000,0.0000,99999.0000,0.0000,1
126,5217,0.0000,0.0000,99999.0000,0.0000,1
127,46877,13.2000,0.0000,99999.0000,0.0000,0
128,6308,41.1000,-7.9300,124.5000,0.0000,0
129,2356,0.1000,0.0000,99999.0000,0.0000,0
130,1536,0.1000,0.0000,99999.0000,0.0000,0
131,47004,11.6000,0.0000,99999.0000,0.0000,0
132,46960,44.4000,0.0000,99999.0000,0.0000,0
133,6104,0.0000,0.0000,99999.0000,0.0000,1
134,7937,23.5600,-6.3200,71.4000,0.0000,0
135,47204,0.2000,0.0000,99999.0000,0.0000,0
136,7940,30.4900,-7.9300,92.4000,0.0000,0
137,47106,20.7000,0.0000,99999.0000,0.0000,0
138,44762,0.0000,-18.2000,99999.0000,0.0000,1
139,2916,12.0000,0.0000,99999.0000,0.0000,0
140,10624,0.0000,0.0000,99999.0000,0.0000,1
141,47191,1.8000,0.0000,99999.0000,0.0000,0
142,46994,2.0000,0.0000,99999.0000,0.0000,0
143,8899,27.4400,-8.2200,83.1600,0.0000,0
144,47750,30.0000,12.8000,99999.0000,0.0000,0
145,8798,36.0300,-7.5800,109.2000,0.0000,0
146,45634,31.9700,-10.0000,96.9000,0.0000,0
147,47166,12.1000,0.0000,99999.0000,0.0000,0
148,1177,0.0000,0.0000,99999.0000,0.0000,1
149,8574,31.4100,-16.0000,95.2000,0.0000,0
150,47716,7.6000,0.0000,99999.0000,0.0000,0
151,4016,53.0000,-16.6000,53.0000,0.0000,1
152,6448,0.0000,0.0000,99999.0000,0.0000,1
153,1100,5483.0000,1194.0000,7500.0000,0.0000,1
154,7458,32.0000,19.7600,210.0000,0.0000,1
155,46550,16.3300,-7.4000,49.5000,0.0000,0
156,47215,0.0000,0.0000,99999.0000,0.0000,1
157,16,1017.0000,-211.0000,1216.0000,0.0000,1
158,9372,0.1000,0.0000,99999.0000,0.0000,0
159,915,1105.0000,-224.0000,1140.0000,0.0000,1
160,4330,6.3000,0.0000,99999.0000,0.0000,0
161,47032,1.9000,0.0000,99999.0000,0.0000,0
162,6611,12.0000,0.0000,99999.0000,0.0000,1
163,9368,0.1000,0.0000,99999.0000,0.0000,0
164,35,381.0000,-7.4800,381.0000,0.0000,1
165,255,100.0000,18.9900,100.0000,0.0000,1
166,46921,30.7000,0.0000,99999.0000,0.0000,0
167,6318,25.9300,-2.0500,78.6000,0.0000,0
168,46856,0.4000,0.0000,99999.0000,0.0000,0
169,47075,0.6000,0.0000,99999.0000,0.0000,0
170,45569,74.6700,-5.1700,134.6000,0.0000,0
171,6320,36.4400,-0.9830,110.4000,0.0000,0
172,2387,0.1000,0.0000,99999.0000,0.0000,0
173,7062,398.0000,-94.3000,398.0000,0.0000,1
174,2433,0.1000,0.0000,99999.0000,0.0000,0
175,2381,0.1000,0.0000,99999.0000,0.0000,0
176,47807,6.5000,0.0000,99999.0000,0.0000,0
177,4373,1.1000,0.0000,99999.0000,0.0000,0
178,47148,6.9000,0.0000,99999.0000,0.0000,0
179,46879,0.9000,0.0000,99999.0000,0.0000,0
180,47287,35.4000,0.0000,99999.0000,0.0000,0
181,4389,0.1000,0.0000,99999.0000,0.0000,0
182,7073,2.9000,0.0000,99999.0000,0.0000,0
183,46929,4.8000,0.0000,99999.0000,0.0000,0
184,45161,35.0000,7.1550,47.0000,0.0000,1
185,40550,190.0000,0.0000,99999.0000,0.0000,0
186,6031,22.5900,0.8584,68.4700,0.0000,0
187,5899,26.7300,-6.3600,81.0000,0.0000,0
188,853,4.9000,0.0000,99999.0000,0.0000,0
189,917,226.0000,-1.1900,232.0000,0.0000,1
190,5586,0.0000,16.8800,99999.0000,0.0000,1
191,1150,690.0000,-44.4000,690.0000,0.0000,1
192,47140,8.0000,-0.6000,99999.0000,0.0000,0
193,46601,0.0000,0.0000,99999.0000,0.0000,1
194,47208,0.6000,0.0000,99999.0000,0.0000,0
195,5147,0.0000,-5.2700,99999.0000,0.0000,1
196,47129,29.4000,1.7000,99999.0000,0.0000,0
197,9536,0.1000,0.0000,99999.0000,0.0000,0
198,7999,0.0000,-49.5000,99999.0000,0.0000,1
199,6023,0.0000,0.0000,99999.0000,0.0000,1
200,840,1.5000,0.0000,99999.0000,0.0000,0
201,867,0.1000,0.0000,99999.0000,0.0000,0
202,8726,39.5000,-19.9000,119.7000,0.0000,0
203,5134,0.0000,0.0000,99999.0000,0.0000,1
204,4492,510.0000,31.8500,728.0000,0.0000,1
205,2842,1.2000,0.0000,99999.0000,0.0000,0
206,5205,0.0000,1.2640,99999.0000,0.0000,1
207,48005,112.0000,0.0000,99999.0000,0.0000,0
208,47186,0.5000,0.0000,99999.0000,0.0000,0
209,10363,119.4000,19.2000,119.4000,0.0000,1
210,7427,0.4000,0.0000,99999.0000,0.0000,0
211,10124,83.7000,-8.8700,83.7000,0.0000,0
212,880,0.1000,0.0000,99999.0000,0.0000,0
213,45197,12.5000,-0.2350,12.8000,0.0000,1
214,2454,2.8000,0.0000,99999.0000,0.0000,0
215,4462,84.0000,-27.6000,200.0000,0.0000,1
216,9367,0.1000,0.0000,99999.0000,0.0000,0
217,6672,31.1100,-11.5000,94.3000,0.0000,0
218,8913,40.1900,-13.4000,121.8000,0.0000,0
219,1195,0.7000,0.0000,99999.0000,0.0000,0
220,46868,2.4000,0.0000,99999.0000,0.0000,0
221,24,180.0000,38.9200,180.0000,0.0000,1
222,9026,204.0000,28.4500,204.0000,0.0000,1
223,253,88.0000,15.5400,88.0000,0.0000,1
224,3163,2.1000,0.0000,99999.0000,0.0000,0
225,47057,0.3000,0.0000,99999.0000,0.0000,0
226,47765,4.0000,0.8000,99999.0000,0.0000,0
227,925,1411.0000,-166.0000,1420.0000,0.0000,1
228,8894,74.1300,-5.3000,132.2000,0.0000,0
229,6213,13.2000,-2.4000,40.0000,0.0000,0
230,346,0.0000,32.4300,99999.0000,0.0000,1
231,46983,10.8000,0.0000,99999.0000,0.0000,0
232,45979,0.0000,0.0000,99999.0000,0.0000,1
233,6741,28.3800,-0.0260,86.0000,0.0000,0
234,2427,0.1000,0.0000,99999.0000,0.0000,0
235,48018,12.5000,0.0000,99999.0000,0.0000,0
236,47180,1.1000,0.0000,99999.0000,0.0000,0
237,44602,31.1800,0.7425,94.5000,0.0000,0
238,47689,0.6000,0.0000,99999.0000,0.0000,0
239,46979,6.4000,0.0000,99999.0000,0.0000,0
240,875,0.1000,0.0000,99999.0000,0.0000,0
241,44925,32.6700,-5.9400,99.0000,0.0000,0
242,403,0.0000,0.0000,99999.0000,0.0000,1
243,2429,0.1000,0.0000,99999.0000,0.0000,0
244,47118,1.8000,0.0000,99999.0000,0.0000,0
245,6276,11.8800,-3.0700,36.0000,0.0000,0
246,50,0.0000,73.7300,99999.0000,0.0000,1
247,47751,1.0000,0.0000,99999.0000,0.0000,0
248,5240,0.0000,0.0000,99999.0000,0.0000,1
249,45070,0.0000,0.0000,99999.0000,0.0000,1
250,8121,24.9400,-11.0000,75.6000,0.0000,0
251,45051,33.8500,-10.7000,102.6000,0.0000,0
252,9041,0.0000,0.0000,99999.0000,0.0000,1
253,405,0.0000,0.0000,99999.0000,0.0000,1
254,6732,18.1500,-1.3900,55.0000,0.0000,0
255,46891,3.2000,0.0000,99999.0000,0.0000,0
256,47773,18.9000,0.0000,99999.0000,0.0000,0
257,919,728.0000,-5.3400,728.0000,0.0000,1
258,8276,31.0000,-1.5200,73.0000,0.0000,1
259,9651,1.4000,0.0000,99999.0000,0.0000,0
260,46962,6.0000,0.0000,99999.0000,0.0000,0
261,8875,42.0000,-7.0100,42.0000,0.0000,1
262,48126,4.0000,0.0000,99999.0000,0.0000,0
263,18,2253.0000,-326.0000,2253.0000,0.0000,1
264,47043,2.7000,0.0000,99999.0000,0.0000,0
265,46572,0.0100,0.0000,99999.0000,0.0000,1
266,2357,0.1000,0.0000,99999.0000,0.0000,0
267,46905,2.4000,0.0000,99999.0000,0.0000,0
268,47619,13.6200,-7.3300,41.3000,0.0000,0
269,1159,130.0000,-2.8000,130.0000,0.0000,1
270,2731,0.2000,0.0000,99999.0000,0.0000,0
271,4891,18.0000,-2.3000,28.0000,0.0000,1
272,9428,11.0000,0.0000,99999.0000,0.0000,0
273,47833,19.9000,0.0000,99999.0000,0.0000,0
274,1555,0.1000,0.0000,99999.0000,0.0000,0
275,47310,1.2000,0.0000,99999.0000,0.0000,0
276,46246,0.0000,0.0000,99999.0000,0.0000,1
277,10460,2.9000,0.0000,99999.0000,0.0000,0
278,47094,22.5000,0.0000,99999.0000,0.0000,0
279,6242,19.1400,0.6210,58.0000,0.0000,0
280,47211,2.5000,0.0000,99999.0000,0.0000,0
281,5646,330.0000,-89.6000,337.6000,0.0000,1
282,4155,3.2000,0.0000,99999.0000,0.0000,0
283,47828,0.1000,0.0000,99999.0000,0.0000,0
284,47125,20.2000,1.1000,99999.0000,0.0000,0
285,6014,37.3500,-15.5000,113.1000,0.0000,0
286,48034,0.4000,0.1000,99999.0000,0.0000,0
287,46893,0.2000,0.0000,99999.0000,0.0000,0
288,2085,0.0000,7.8610,99999.0000,0.0000,1
289,9101,0.0000,0.0000,99999.0000,0.0000,1
290,5914,12.7100,-12.7000,155.4000,0.0000,0
291,1524,1.1000,0.0000,99999.0000,0.0000,0
292,7275,36.3000,-15.4000,110.0000,0.0000,0
293,967,0.4000,0.0000,99999.0000,0.0000,0
294,5757,0.0000,0.0000,99999.0000,0.0000,1
295,8793,19.4300,-8.3900,58.9000,0.0000,0
296,48172,5.9400,5.9220,99999.0000,0.0000,0
297,6970,0.0000,-44.1000,99999.0000,0.0000,1
298,1711,10.0000,0.0000,99999.0000,0.0000,0
299,6292,15.1800,-1.7200,46.0000,0.0000,0
300,879,0.1000,0.0000,99999.0000,0.0000,0
301,44987,33.0900,-15.7000,123.9000,0.0000,0
302,5044,32.5700,-4.0400,98.7000,0.0000,0
303,6209,19.8000,0.4828,60.0000,0.0000,0
304,6465,0.0000,99.2000,99999.0000,0.0000,1
305,8597,121.0000,-7.9100,200.0000,0.0000,1
306,6037,34.6500,-8.0200,105.0000,0.0000,0
307,5596,0.0000,34.9500,99999.0000,0.0000,1
308,3968,243.0000,6.3380,243.2000,0.0000,1
309,46746,38.2700,-4.7700,116.0000,0.0000,0
310,4476,0.2000,0.0000,99999.0000,0.0000,1
311,28,328.0000,6.9140,328.0000,0.0000,1
312,8098,5.9400,-0.5080,18.0000,0.0000,0
313,9218,76.3700,10.3500,77.0000,0.0000,1
314,3099,16.7000,0.0000,99999.0000,0.0000,0
315,4830,26.7000,0.0000,99999.0000,0.0000,0
316,47145,0.2000,0.4000,99999.0000,0.0000,0
317,46930,3.8000,0.0000,99999.0000,0.0000,0
318,2696,50.0000,0.0000,99999.0000,0.0000,1
319,8295,45.7300,-14.2000,138.6000,0.0000,0
320,47354,5.7000,0.0000,99999.0000,0.0000,0
321,46897,0.5000,0.0000,99999.0000,0.0000,0
322,7969,59.5900,-15.4000,180.6000,0.0000,0
323,47964,2.9000,0.0000,99999.0000,0.0000,0
324,46376,34.1500,-10.1000,103.5000,0.0000,0
325,8684,9.0090,0.9068,27.3000,0.0000,0
326,8144,29.1000,-18.1000,130.2000,0.0000,0
327,894,0.1000,0.0000,99999.0000,0.0000,0
328,4322,0.1000,0.0000,99999.0000,0.0000,0
329,47188,5.0000,0.0000,99999.0000,0.0000,0
330,9702,0.1000,0.0000,99999.0000,0.0000,0
331,2101,2.6000,0.0000,99999.0000,0.0000,0
332,9615,69.0000,-35.9000,69.0000,0.0000,1
333,835,0.3000,0.0000,99999.0000,0.0000,0
334,47336,6.5000,3.0000,99999.0000,0.0000,0
335,47093,4.5000,0.0000,99999.0000,0.0000,0
336,6975,2.8000,0.0000,99999.0000,0.0000,0
337,48169,4.4550,-4.4400,40.5000,0.0000,0
338,44326,120.0000,-5.0700,120.0000,0.0000,1
339,6167,12.1400,-4.3100,36.8000,0.0000,0
340,44926,32.6700,-5.5000,99.0000,0.0000,0
341,47076,4.5000,0.0000,99999.0000,0.0000,0
342,46869,18.7000,0.0000,99999.0000,0.0000,0
343,8914,41.5800,-9.3100,126.0000,0.0000,0
344,9099,15.0000,0.0000,99999.0000,0.0000,0
345,47184,0.1000,0.0000,99999.0000,0.0000,0
346,45363,46.0000,3.8760,46.0000,0.0000,1
347,46838,0.4000,0.0000,99999.0000,0.0000,0
348,6019,39.2000,-20.2000,118.8000,0.0000,0
349,5067,9.9790,-2.1800,30.2400,0.0000,0
350,8977,16.3300,-8.6000,49.5000,0.0000,0
351,10484,0.0000,7.8610,99999.0000,0.0000,1
352,10408,349.0000,-35.7000,378.0000,0.0000,1
353,45984,0.0000,0.0000,99999.0000,0.0000,1
354,5999,16.6300,1.0590,50.4000,0.0000,0
355,2784,0.1000,0.0000,99999.0000,0.0000,0
356,9504,0.0000,111.5000,99999.0000,0.0000,1
357,47361,47.5200,-0.2130,144.0000,0.0000,0
358,41,0.0000,5.6030,99999.0000,0.0000,1
359,47005,0.6000,0.0000,99999.0000,0.0000,0
360,45987,0.0000,0.0000,99999.0000,0.0000,1
361,2417,0.1000,0.0000,99999.0000,0.0000,0
362,5698,190.0000,55.4900,254.0000,0.0000,1
363,47091,35.4000,0.0000,99999.0000,0.0000,0
364,6105,35.6400,-4.0600,108.0000,0.0000,0
365,47318,29.7000,2.0000,99999.0000,0.0000,0
366,8609,63.0000,13.4600,91.7500,0.0000,1
367,6350,0.0000,-15.0000,99999.0000,0.0000,1
368,520,807.0000,-53.4000,807.5000,0.0000,1
369,46965,26.3000,0.0000,99999.0000,0.0000,0
370,53,0.0000,0.0000,99999.0000,0.0000,1
371,4084,0.2000,0.0000,99999.0000,0.0000,0
372,6856,0.3000,0.0000,99999.0000,0.0000,0
373,6965,6.2000,0.0000,99999.0000,0.0000,0
374,44863,9.9000,-2.2900,30.0000,0.0000,0
375,7109,28.5800,-7.8300,86.6200,0.0000,0
376,9321,0.1000,0.0000,99999.0000,0.0000,0
377,45477,37.1200,-3.8300,112.5000,0.0000,0
378,754,194.0000,-37.8000,204.0000,0.0000,1
379,9503,14.0000,0.0000,99999.0000,0.0000,0
380,1701,2.0000,0.0000,99999.0000,0.0000,0
381,46931,29.5000,0.0000,99999.0000,0.0000,0
382,47077,0.6000,0.0000,99999.0000,0.0000,0
383,44740,34.1500,-21.0000,103.5000,0.0000,0
384,8688,9.4240,-2.0700,28.5600,0.0000,0
385,46846,1.1000,0.0000,99999.0000,0.0000,0
386,47158,2.0000,0.1000,99999.0000,0.0000,0
387,8939,14.8600,-5.4400,45.0400,0.0000,0
388,4020,1.6000,0.0000,99999.0000,0.0000,0
389,8014,27.3200,-6.5500,82.8000,0.0000,0
390,8091,29.7000,-4.5800,90.0000,0.0000,0
391,1599,83.0000,13.3900,83.0000,0.0000,1
392,7906,37.4200,1.2510,113.4000,0.0000,0
393,8138,65.1400,13.0000,197.4000,0.0000,0
394,9391,0.1000,0.0000,99999.0000,0.0000,0
395,5374,21.1200,-2.7700,64.0000,0.0000,0
396,46969,73.6000,0.0000,99999.0000,0.0000,0
397,4839,28.1000,0.0000,99999.0000,0.0000,0
398,7051,965.7000,-169.0000,1050.0000,0.0000,1
399,5700,0.0000,0.0000,99999.0000,0.0000,1
400,8279,34.0000,1.5180,84.0000,0.0000,1
401,5612,32.0700,-3.5500,97.2000,0.0000,0
402,3515,17.3000,0.0000,99999.0000,0.0000,0
403,40549,110.1000,0.0000,99999.0000,0.0000,0
404,10732,0.6000,0.0000,99999.0000,0.0000,0
405,9733,27.0000,-3.4700,27.0000,0.0000,0
406,1008,2.3000,0.6900,2.3000,0.0000,0
407,6026,0.0000,0.0000,99999.0000,0.0000,1
408,47762,8.9000,0.0000,99999.0000,0.0000,0
409,2491,0.1000,0.0000,99999.0000,0.0000,0
410,5031,0.0000,0.0000,99999.0000,0.0000,1
411,9366,0.1000,0.0000,99999.0000,0.0000,0
412,2366,0.1000,0.0000,99999.0000,0.0000,0
413,859,0.1000,0.0000,99999.0000,0.0000,0
414,8867,0.0000,0.0000,99999.0000,0.0000,1
415,2713,0.1000,0.0000,99999.0000,0.0000,0
416,6423,0.0000,0.0000,99999.0000,0.0000,1
417,2276,8.5000,0.0000,99999.0000,0.0000,0
418,751,103.0000,4.8310,108.0000,0.0000,1
419,47313,2.4000,0.3000,99999.0000,0.0000,0
420,46899,0.5000,0.0000,99999.0000,0.0000,0
421,8788,30.8500,-10.9000,93.5000,0.0000,0
422,45171,23.7600,0.3176,72.0000,0.0000,0
423,6129,19.8000,-0.2970,60.0000,0.0000,0
424,46383,16.3300,0.1759,49.5000,0.0000,0
425,1176,124.5000,-0.6960,125.0000,0.0000,1
426,2416,0.1000,0.0000,99999.0000,0.0000,0
427,46941,0.7000,0.0000,99999.0000,0.0000,0
428,2733,0.3000,0.0000,99999.0000,0.0000,0
429,9404,0.1000,0.0000,99999.0000,0.0000,0
430,44322,44.0000,11.0500,44.0000,0.0000,1
431,8391,62.0100,2.9380,108.0000,0.0000,0
432,1189,1.2000,0.0000,99999.0000,0.0000,0
433,44825,3.9600,-0.4250,12.0000,0.0000,0
434,44323,284.0000,21.1500,284.0000,0.0000,1
435,45170,61.9500,2.9190,108.0000,0.0000,0
436,2601,35.0000,0.0000,99999.0000,0.0000,1
437,4061,0.6000,0.0000,99999.0000,0.0000,0
438,46867,2.2000,0.0000,99999.0000,0.0000,0
439,6074,28.3800,-0.1570,86.0000,0.0000,0
440,47080,12.1000,0.0000,99999.0000,0.0000,0
441,47203,2.7000,0.0000,99999.0000,0.0000,0
442,8724,39.0000,-31.2000,118.2000,0.0000,0
443,3525,0.0000,0.0000,99999.0000,0.0000,1
444,10022,1.2000,0.0000,99999.0000,0.0000,0
445,47758,15.7000,0.0000,99999.0000,0.0000,0
446,5078,34.6500,-5.7900,105.0000,0.0000,0
447,9914,1.1000,0.0000,99999.0000,0.0000,0
448,48009,49.5000,0.0000,99999.0000,0.0000,0
449,526,33.0000,2.8010,86.0000,0.0000,1
450,9514,33.2600,-3.0000,100.8000,0.0000,0
451,46834,1.1000,0.0000,99999.0000,0.0000,0
452,46603,0.0000,0.0000,99999.0000,0.0000,1
453,4489,196.0000,16.0600,350.0000,0.0000,1
454,10417,16.0000,0.0000,99999.0000,0.0000,0
455,46997,11.2000,0.0000,99999.0000,0.0000,0
456,46923,21.5000,0.0000,99999.0000,0.0000,0
457,8309,19.9200,-3.1500,60.3700,0.0000,0
458,47193,15.2000,0.0000,99999.0000,0.0000,0
459,37,0.0000,0.0000,99999.0000,0.0000,1
460,2031,44.0000,9.3460,44.4000,0.0000,1
461,3785,16.8000,0.0000,99999.0000,0.0000,0
462,8986,34.7800,-0.8180,108.8000,0.0000,0
463,10314,7.0000,0.0000,99999.0000,0.0000,0
464,46967,1.2000,0.0000,99999.0000,0.0000,0
465,46922,2.2000,0.0000,99999.0000,0.0000,0
466,806,119.6000,-2.6500,122.0000,0.0000,1
467,44829,26.7300,-2.9700,81.0000,0.0000,0
468,2902,13.2000,0.0000,99999.0000,0.0000,0
469,47173,9.8000,0.0000,99999.0000,0.0000,0
470,8229,11.6300,-1.8300,35.2500,0.0000,0
471,6422,1330.0000,-162.0000,1400.0000,0.0000,1
472,45222,46.0300,1.2310,139.5000,0.0000,0
473,8869,11.0000,0.5898,11.5600,0.0000,1
474,48008,3.0000,0.0000,99999.0000,0.0000,0
475,9331,0.1000,0.0000,99999.0000,0.0000,0
476,47286,1.4000,0.0000,99999.0000,0.0000,0
477,47161,152.0000,21.7000,99999.0000,0.0000,0
478,44927,32.6700,-6.1200,99.0000,0.0000,0
479,6424,1404.0000,-468.0000,1560.0000,0.0000,1
480,47284,2.7000,0.0000,99999.0000,0.0000,0
481,9413,0.1000,0.0000,99999.0000,0.0000,0
482,45055,40.1900,-19.5000,121.8000,0.0000,0
483,9521,0.0000,0.0000,99999.0000,0.0000,1
484,850,0.3000,0.0000,99999.0000,0.0000,0
485,1347,26.8000,-5.5100,26.8000,0.0000,0
486,47803,1.2000,0.0000,99999.0000,0.0000,0
487,5819,0.0000,0.0000,99999.0000,0.0000,1
488,47033,0.7000,0.0000,99999.0000,0.0000,0
489,2400,0.1000,0.0000,99999.0000,0.0000,0
490,3323,11.1000,3.3000,99999.0000,0.0000,0
491,46911,1.8000,0.0000,99999.0000,0.0000,0
492,6038,18.0100,-3.6100,54.6000,0.0000,0
493,8771,30.8500,-10.9000,93.5000,0.0000,0
494,10109,51.7000,-5.0800,51.7000,0.0000,0
495,2103,6.4000,0.0000,99999.0000,0.0000,0
496,2855,0.2000,0.0000,99999.0000,0.0000,0
497,851,0.4000,0.0000,99999.0000,0.0000,0
498,8127,8.5800,-1.7800,26.0000,0.0000,0
499,46904,0.1000,0.0000,99999.0000,0.0000,0
500,531,0.0000,0.0000,99999.0000,0.0000,1
501,3642,100.0000,0.0000,99999.0000,0.0000,1
502,46938,27.7000,0.0000,99999.0000,0.0000,0
503,2474,0.1000,0.0000,99999.0000,0.0000,0
504,4442,11.7000,0.0000,99999.0000,0.0000,1
505,8006,32.6700,-20.5000,99.0000,0.0000,0
506,6675,30.8200,-11.3000,93.4000,0.0000,0
507,45910,5.6050,-9.2200,99999.0000,0.0000,0
508,1511,60.0000,-11.1000,60.0000,0.0000,1
509,9109,13.8000,0.0000,99999.0000,0.0000,0
510,6731,49.5000,-10.8000,150.0000,0.0000,0
511,6405,0.0000,22.7200,99999.0000,0.0000,1
512,47003,0.4000,0.0000,99999.0000,0.0000,0
513,1586,0.0000,0.0000,99999.0000,0.0000,1
514,8135,59.8900,-16.6000,181.5000,0.0000,0
515,40590,150.0000,63.9000,99999.0000,0.0000,0
516,10205,9.9000,-2.4200,9.9000,0.0000,1
517,5459,50.0900,0.0000,50.0900,0.0000,0
518,45056,40.1900,-19.2000,121.8000,0.0000,0
519,46915,2.8000,0.0000,99999.0000,0.0000,0
520,5713,0.2000,0.0000,99999.0000,0.0000,0
521,3752,3.2000,0.0000,99999.0000,0.0000,0
522,6277,1.9800,-0.1570,6.0000,0.0000,0
523,47113,1.2000,0.0000,99999.0000,0.0000,0
524,47097,5.4000,0.0000,99999.0000,0.0000,0
525,40118,0.0000,0.0000,99999.0000,0.0000,1
526,9390,0.1000,0.0000,99999.0000,0.0000,0
527,44324,120.0000,-5.0700,120.0000,0.0000,1
528,47760,35.9000,0.0000,99999.0000,0.0000,0
529,44489,26.5900,-17.7000,80.6000,0.0000,0
530,9339,0.1000,0.0000,99999.0000,0.0000,0
531,9453,0.0000,0.0000,99999.0000,0.0000,1
532,2489,0.1000,0.0000,99999.0000,0.0000,0
533,47325,13.8000,0.0000,99999.0000,0.0000,0
534,46999,7.0000,0.0000,99999.0000,0.0000,0
535,7977,3.4300,-1.4000,10.3900,0.0000,0
536,19,0.0000,0.0000,99999.0000,0.0000,1
537,45342,24.1000,-6.8000,99999.0000,0.0000,1
538,8616,32.0000,13.2000,39.3840,0.0000,1
539,10152,14.4000,0.0000,99999.0000,0.0000,0
540,5127,24.0200,-1.2200,72.8000,0.0000,0
541,4939,0.0000,-1.0700,99999.0000,0.0000,1
542,7117,24.0100,-6.4400,72.7600,0.0000,0
543,9322,0.1000,0.0000,99999.0000,0.0000,0
544,9703,0.1000,0.0000,99999.0000,0.0000,0
545,5920,0.0000,0.0000,99999.0000,0.0000,1
546,6951,1.1000,0.0000,99999.0000,0.0000,0
547,6624,18.4800,-3.7200,56.0000,0.0000,0
548,9370,1.0000,0.0000,99999.0000,0.0000,0
549,45160,0.0000,0.0000,99999.0000,0.0000,1
550,2836,121.5000,1.3700,121.5000,0.0000,1
551,45183,2.5000,0.0000,99999.0000,0.0000,0
552,8610,64.0000,25.7900,85.4000,0.0000,1
553,2113,0.2000,0.0000,99999.0000,0.0000,0
554,5232,0.0000,4.1250,99999.0000,0.0000,1
555,44864,8.9100,-1.7100,27.0000,0.0000,0
556,9603,197.0000,-101.0000,197.0000,0.0000,1
557,9454,12.8000,0.0000,99999.0000,0.0000,1
558,515,91.0000,9.3150,91.2000,0.0000,1
559,7110,498.0000,-40.0000,498.9000,0.0000,1
560,9361,0.1000,0.0000,99999.0000,0.0000,0
561,44,0.0000,6.7380,99999.0000,0.0000,1
562,5154,0.0000,0.0000,99999.0000,0.0000,1
563,507,619.0000,-14.1000,619.0000,0.0000,1
564,2398,0.1000,0.0000,99999.0000,0.0000,0
565,6642,32.6700,-4.1600,99.0000,0.0000,0
566,47362,7.2000,0.0000,99999.0000,0.0000,0
567,3978,0.0000,0.0000,99999.0000,0.0000,1
568,47083,1.8000,0.5000,99999.0000,0.0000,0
569,7004,2.4000,0.0000,99999.0000,0.0000,0
570,54,0.0000,0.0000,99999.0000,0.0000,1
571,7451,48.0000,15.8500,70.0000,0.0000,1
572,46894,7.1000,0.0000,99999.0000,0.0000,0
573,10161,12.4000,0.0000,99999.0000,0.0000,0
574,6370,33.1700,0.5732,100.5000,0.0000,0
575,9491,40.1900,-5.1800,121.8000,0.0000,0
576,2620,4.9000,0.0000,99999.0000,0.0000,0
577,12,1048.0000,-287.0000,1048.8000,0.0000,1
578,8640,21.1200,1.9450,64.0000,0.0000,0
579,1700,2.5000,0.0000,99999.0000,0.0000,0
580,2383,0.1000,0.0000,99999.0000,0.0000,0
581,6127,25.4600,-0.7520,77.1600,0.0000,0
582,44510,6.7500,-2.6500,99999.0000,0.0000,0
583,47063,0.2000,0.0000,99999.0000,0.0000,0
584,6053,20.7900,-6.7100,63.0000,0.0000,0
585,46355,13.3600,-5.7000,85.5000,0.0000,0
586,4417,14.6000,0.0000,99999.0000,0.0000,0
587,9061,1.8000,0.0000,99999.0000,0.0000,0
588,44992,36.8200,-1.0100,115.2000,0.0000,0
589,9872,9.1000,0.0000,99999.0000,0.0000,0
590,45294,30.4900,-10.6000,92.4000,0.0000,0
591,45681,0.0000,0.0000,99999.0000,0.0000,1
592,47128,40.4000,11.0000,99999.0000,0.0000,0
593,47139,1.5000,-0.1000,99999.0000,0.0000,0
594,48092,4.3000,0.0000,99999.0000,0.0000,0
595,6030,8.5800,-2.3600,26.0000,0.0000,0
596,46873,4.0000,0.0000,99999.0000,0.0000,0
597,8701,10.0000,0.0000,99999.0000,0.0000,0
598,47165,11.2000,0.0000,99999.0000,0.0000,0
599,2147,0.1000,0.0000,99999.0000,0.0000,0
600,4472,12.5000,0.0000,99999.0000,0.0000,1
601,9452,5.0000,-2.0900,50.0000,0.0000,1
602,47104,0.6000,0.0000,99999.0000,0.0000,0
603,47073,0.2000,0.0000,99999.0000,0.0000,0
604,46847,7.1000,0.0000,99999.0000,0.0000,0
605,5016,190.0000,-47.8000,400.0000,0.0000,1
606,47321,5.8000,0.0000,99999.0000,0.0000,0
607,46906,44.0000,0.0000,99999.0000,0.0000,0
608,4159,4.2000,0.0000,99999.0000,0.0000,0
609,5242,0.0000,0.0000,99999.0000,0.0000,1
610,46948,3.2000,0.0000,99999.0000,0.0000,0
611,47181,2.1000,0.0000,99999.0000,0.0000,0
612,327,0.4000,0.0000,99999.0000,0.0000,0
613,6678,26.3600,-18.1000,79.9000,0.0000,0
614,4064,378.0000,-38.0000,378.9000,0.0000,1
615,8312,32.0700,-6.3100,97.2000,0.0000,0
616,5443,0.0000,0.0000,99999.0000,0.0000,1
617,8637,22.4400,-4.2600,68.0000,0.0000,0
618,9194,0.0000,0.0000,99999.0000,0.0000,1
619,47119,9.6000,0.0000,99999.0000,0.0000,0
620,47027,0.3000,0.0000,99999.0000,0.0000,0
621,6763,9.9000,-3.3700,30.0000,0.0000,0
622,1165,0.0000,0.0000,99999.0000,0.0000,1
623,845,2.5000,0.0000,99999.0000,0.0000,0
624,4846,23.8000,-1.0800,23.8000,0.0000,1
625,4180,0.0000,0.0000,99999.0000,0.0000,1
626,2488,0.1000,0.0000,99999.0000,0.0000,0
627,46112,28.3800,0.1068,86.0000,0.0000,0
628,801,0.0000,0.0000,99999.0000,0.0000,1
629,5124,14.5500,-1.7100,44.1000,0.0000,0
630,3330,6.3000,1.9000,99999.0000,0.0000,0
631,4044,180.0000,-3.4100,180.0000,0.0000,1
632,1152,0.0000,0.0000,99999.0000,0.0000,1
633,4334,0.0000,0.0000,99999.0000,0.0000,1
634,6223,8.9100,-1.5400,27.0000,0.0000,0
635,44515,3.4300,-3.0200,10.3900,0.0000,0
636,47100,4.4000,0.0000,99999.0000,0.0000,0
637,45113,0.0000,0.0000,99999.0000,0.0000,1
638,47136,0.8000,0.0000,99999.0000,0.0000,0
639,46951,2.7000,0.4000,99999.0000,0.0000,0
640,8580,0.0000,0.0000,99999.0000,0.0000,1
641,48091,0.4000,0.0000,99999.0000,0.0000,0
642,9628,178.0000,0.9970,178.0000,0.0000,1
643,46914,18.4000,0.0000,99999.0000,0.0000,0
644,4199,21.3000,0.0000,99999.0000,0.0000,0
645,7276,30.4900,-13.0000,92.4000,0.0000,0
646,9312,11.0000,0.0000,99999.0000,0.0000,0
647,6782,27.0200,-3.4900,81.9000,0.0000,0
648,4971,30.3000,0.0000,99999.0000,0.0000,0
649,47326,5.3000,0.0000,99999.0000,0.0000,0
650,3536,18.7000,0.0000,99999.0000,0.0000,0
651,2438,0.1000,0.0000,99999.0000,0.0000,0
652,48151,2.7000,0.0000,99999.0000,0.0000,0
653,312,390.0000,2.3660,390.0000,0.0000,1
654,45052,31.9700,-10.2000,96.9000,0.0000,0
655,10530,1.4000,0.0000,99999.0000,0.0000,0
656,47817,0.3000,0.0000,99999.0000,0.0000,0
657,47206,19.2000,0.0000,99999.0000,0.0000,0
658,8646,79.0000,15.4500,80.0000,0.0000,1
659,5778,0.0000,8.5540,99999.0000,0.0000,1
660,5916,42.1700,-15.4000,127.8000,0.0000,0
661,4147,108.1000,0.0000,99999.0000,0.0000,0
662,847,0.1000,0.0000,99999.0000,0.0000,0
663,10120,116.1000,9.7810,116.1000,0.0000,0
664,44909,52.6600,-22.7000,159.6000,0.0000,0
665,9500,151.0000,-26.5000,305.7000,0.0000,1
666,46848,7.7000,0.0000,99999.0000,0.0000,0
667,1164,0.0000,0.0000,99999.0000,0.0000,1
668,9978,0.1000,0.0000,99999.0000,0.0000,0
669,10470,90.7000,-10.0000,90.7000,0.0000,0
670,5033,0.0000,0.0000,99999.0000,0.0000,1
671,10110,47.6000,-5.1700,47.6000,0.0000,0
672,46882,25.2000,0.0000,99999.0000,0.0000,0
673,303,1680.0000,-61.9000,1680.0000,0.0000,1
674,45550,53.4600,-5.6100,162.0000,0.0000,0
675,4207,0.0000,0.0000,99999.0000,0.0000,1
676,46543,20.0000,-2.8200,25.0000,0.0000,1
677,47178,28.5000,0.0000,99999.0000,0.0000,0
678,5800,0.0000,0.0000,99999.0000,0.0000,1
679,47190,2.5000,0.0000,99999.0000,0.0000,0
680,9442,121.0000,1.7440,121.5000,0.0000,1
681,47647,49.5000,-6.3800,150.0000,0.0000,0
682,4204,0.0000,0.0000,99999.0000,0.0000,1
683,848,22.0000,0.0000,99999.0000,0.0000,0
684,47822,0.1000,0.0000,99999.0000,0.0000,0
685,4291,2.4000,0.0000,99999.0000,0.0000,0
686,508,82.0000,-1.4700,82.5000,0.0000,1
687,7029,1.5000,0.0000,99999.0000,0.0000,0
688,6630,39.6000,-9.4800,120.0000,0.0000,0
689,5863,0.0000,0.0000,99999.0000,0.0000,1
690,861,0.2000,0.0000,99999.0000,0.0000,0
691,36,1260.0000,-304.0000,1260.0000,0.0000,1
692,9224,0.0000,0.0000,99999.0000,0.0000,1
693,44410,572.0000,21.9800,572.4000,0.0000,1
694,47167,8.4000,0.0000,99999.0000,0.0000,0
695,2384,0.1000,0.0000,99999.0000,0.0000,0
696,6708,29.1000,-15.9000,88.2000,0.0000,0
697,6387,17.4200,-4.4000,52.8000,0.0000,0
698,45076,4.4000,0.0000,99999.0000,0.0000,1
699,905,0.0000,0.0000,99999.0000,0.0000,1
700,5383,4.2000,0.0000,99999.0000,0.0000,0
701,10815,32.2000,0.0000,99999.0000,0.0000,0
702,8789,32.6700,-11.5000,99.0000,0.0000,0
703,7897,7.8000,0.0000,99999.0000,0.0000,1
704,47741,0.0000,0.4000,99999.0000,0.0000,0
705,532,0.0000,9.5950,99999.0000,0.0000,1
706,48,0.0000,-141.0000,99999.0000,0.0000,1
707,2473,0.1000,0.0000,99999.0000,0.0000,0
708,6673,28.0800,-10.4000,85.1000,0.0000,0
709,5879,30.4900,0.7717,92.4000,0.0000,0
710,832,0.1000,0.0000,99999.0000,0.0000,0
711,47820,1.0000,0.0000,99999.0000,0.0000,0
712,6751,43.4500,-11.9000,131.6000,0.0000,0
713,48168,37.1200,-12.0000,112.5000,0.0000,0
714,8408,27.3200,-7.6200,82.8000,0.0000,0
715,6832,0.0000,0.0000,99999.0000,0.0000,1
716,46936,0.3000,0.0000,99999.0000,0.0000,0
717,6160,47.9100,-8.3500,145.2000,0.0000,0
718,45067,0.0000,0.0000,99999.0000,0.0000,1
719,46912,3.1000,0.0000,99999.0000,0.0000,0
720,5520,49.0000,-5.8000,98.0000,0.0000,1
721,44579,29.7900,0.1776,90.3000,0.0000,0
722,6214,42.7600,-6.6500,129.6000,0.0000,0
723,48171,25.2400,-9.0800,99999.0000,0.0000,0
724,2340,0.2000,0.0000,99999.0000,0.0000,0
725,2479,0.1000,0.0000,99999.0000,0.0000,0
726,47156,3.6000,0.0000,99999.0000,0.0000,0
727,45977,0.0000,0.0000,99999.0000,0.0000,1
728,6029,0.0000,0.0000,99999.0000,0.0000,1
729,8611,67.0000,10.3100,85.4000,0.0000,1
730,355,0.0000,27.6400,99999.0000,0.0000,1
731,8153,42.9600,-11.3000,130.2000,0.0000,0
732,10322,0.0000,-9.8200,99999.0000,0.0000,1
733,4004,1.9000,0.0000,99999.0000,0.0000,0
734,44479,37.4200,1.2950,113.4000,0.0000,0
735,523,32.0000,1.5010,32.0000,0.0000,1
736,5005,0.0000,0.0000,99999.0000,0.0000,1
737,9362,0.0000,-2.5600,13.5000,0.0000,1
738,13,0.0000,0.0000,99999.0000,0.0000,1
739,2745,2.6000,0.0000,99999.0000,0.0000,0
740,2177,0.1000,0.0000,99999.0000,0.0000,0
741,402,0.0000,-149.0000,99999.0000,0.0000,1
742,46851,9.1000,0.0000,99999.0000,0.0000,0
743,5647,0.0000,0.0000,99999.0000,0.0000,1
744,9627,330.0000,-18.8000,344.0000,0.0000,1
745,7622,0.0000,0.0000,99999.0000,0.0000,1
746,47752,19.2000,0.0000,99999.0000,0.0000,0
747,4474,16.6000,0.0000,99999.0000,0.0000,1
748,5975,108.0000,2.3290,150.0000,0.0000,1
749,5921,0.0000,0.0000,99999.0000,0.0000,1
750,931,73.8400,1.0360,74.0000,0.0000,1
751,47384,0.7000,0.0000,99999.0000,0.0000,0
752,47078,0.3000,0.0000,99999.0000,0.0000,0
753,47172,11.4000,0.0000,99999.0000,0.0000,0
754,4997,9.3000,0.0000,99999.0000,0.0000,0
755,2475,119.6000,-4.8900,122.0000,0.0000,1
756,47742,11.7000,0.0000,99999.0000,0.0000,0
757,10473,86.9000,-11.3000,86.9000,0.0000,0
758,6109,27.0200,-5.3800,81.9000,0.0000,0
759,837,0.1000,0.0000,99999.0000,0.0000,0
760,8077,17.4200,-4.0200,52.8000,0.0000,0
761,46966,0.2000,0.0000,99999.0000,0.0000,0
762,2211,0.1000,0.0000,99999.0000,0.0000,0
763,2892,2.0000,0.0000,99999.0000,0.0000,0
764,9083,1.1000,0.0000,99999.0000,0.0000,0
765,47008,3.5000,0.0000,99999.0000,0.0000,0
766,48173,25.2400,-10.2000,99999.0000,0.0000,0
767,6425,2457.0000,-78.9000,2730.0000,0.0000,1
768,927,0.0000,0.0000,99999.0000,0.0000,1
769,47101,8.0000,0.0000,99999.0000,0.0000,0
770,44490,36.8200,-15.6000,111.6000,0.0000,0
771,2591,14.3000,0.0000,99999.0000,0.0000,0
772,8876,42.0000,-5.7300,42.0000,0.0000,1
773,44509,6.3000,-2.6600,99999.0000,0.0000,0
774,7968,59.5900,-14.3000,180.6000,0.0000,0
775,47040,19.0000,0.0000,99999.0000,0.0000,0
776,3004,0.0000,0.0000,99999.0000,0.0000,1
777,6626,17.8200,-3.9100,54.0000,0.0000,0
778,6781,27.0200,-2.6300,81.9000,0.0000,0
779,7428,1.0000,0.0000,99999.0000,0.0000,0
780,23,0.0000,0.0000,99999.0000,0.0000,1
781,47155,0.5000,0.0000,99999.0000,0.0000,0
782,2418,1.3000,0.0000,99999.0000,0.0000,0
783,6654,5.6100,-1.2300,17.0000,0.0000,0
784,8086,41.2500,-0.2480,125.0000,0.0000,0
785,47062,0.4000,0.0000,99999.0000,0.0000,0
786,1502,100.0000,-13.1000,100.0000,0.0000,1
787,47084,1.4000,0.4000,99999.0000,0.0000,0
788,45293,15.2400,-7.8800,46.2000,0.0000,0
789,1288,19.3000,0.0000,99999.0000,0.0000,0
790,45219,44.5500,1.1300,135.0000,0.0000,0
791,3083,8.9000,0.0000,99999.0000,0.0000,0
792,5815,172.0000,-30.5000,172.0000,0.0000,1
793,46864,3.0000,0.0000,99999.0000,0.0000,0
794,404,0.0000,0.0000,99999.0000,0.0000,1
795,2722,1.6000,0.0000,99999.0000,0.0000,0
796,46927,0.6000,0.0000,99999.0000,0.0000,0
797,47830,5.3000,0.0000,99999.0000,0.0000,0
798,518,331.0000,53.9000,331.5000,0.0000,1
799,46998,21.0000,0.0000,99999.0000,0.0000,0
800,46895,3.5000,0.0000,99999.0000,0.0000,0
801,9418,0.1000,0.0000,99999.0000,0.0000,0
802,45528,0.0000,0.0000,99999.0000,0.0000,1
803,7915,36.5900,-26.2000,110.8000,0.0000,0
804,47152,11.6000,0.0000,99999.0000,0.0000,0
805,4054,210.0000,6.7970,211.0000,0.0000,1
806,8535,370.0000,105.1000,375.0000,0.0000,1
807,46928,9.5000,0.0000,99999.0000,0.0000,0
808,46940,6.4000,0.0000,99999.0000,0.0000,0
809,2386,0.1000,0.0000,99999.0000,0.0000,0
810,47182,19.2000,0.0000,99999.0000,0.0000,0
811,4890,102.0000,-23.4000,224.0000,0.0000,1
812,6166,18.2100,0.5369,55.2000,0.0000,0
813,6559,18.0000,-0.5450,77.8000,0.0000,1
814,46945,2.6000,0.0000,99999.0000,0.0000,0
815,45069,0.0000,0.0000,99999.0000,0.0000,1
816,2465,0.1000,0.0000,99999.0000,0.0000,0
817,8653,79.0000,14.6700,86.0000,0.0000,1
818,5940,48.5100,10.7800,147.0000,0.0000,0
819,5509,0.0000,15.7300,99999.0000,0.0000,1
820,1370,45.0000,0.1024,45.0000,0.0000,0
821,8132,50.4900,-0.9280,153.0000,0.0000,0
822,46984,20.0000,0.0000,99999.0000,0.0000,0
823,45926,31.1800,-8.1300,94.5000,0.0000,0
824,47153,25.0000,0.0000,99999.0000,0.0000,0
825,2979,0.0000,0.0000,99999.0000,0.0000,1
826,8790,30.8500,-11.2000,93.5000,0.0000,0
827,6244,32.3400,-2.9200,98.0000,0.0000,0
828,2055,0.4000,0.0000,99999.0000,0.0000,0
829,45212,26.3300,-7.5100,79.8000,0.0000,0
830,509,72.0000,-4.1200,72.0000,0.0000,1
831,46961,0.1000,0.0000,99999.0000,0.0000,0
832,7269,36.3000,-15.1000,110.0000,0.0000,0
833,4430,12.0000,0.0000,99999.0000,0.0000,1
834,1175,80.4000,6.9180,152.0000,0.0000,1
835,47290,0.7000,0.1000,99999.0000,0.0000,0
836,46862,11.1000,0.0000,99999.0000,0.0000,0
837,45258,0.0000,0.0000,99999.0000,0.0000,1
838,46968,25.8000,0.0000,99999.0000,0.0000,0
839,2380,0.1000,0.0000,99999.0000,0.0000,0
840,47120,9.8000,0.0000,99999.0000,0.0000,0
841,45633,33.8500,-10.4000,102.6000,0.0000,0
842,5922,0.0000,0.0000,99999.0000,0.0000,1
843,6068,38.7700,-0.5210,117.5000,0.0000,0
844,47308,29.6000,3.4000,99999.0000,0.0000,0
845,48001,6.6000,0.0000,99999.0000,0.0000,0
846,47798,4.9000,0.0000,99999.0000,0.0000,0
847,923,0.0000,0.0000,99999.0000,0.0000,1
848,5010,0.0000,0.0000,99999.0000,0.0000,1
849,45988,0.0000,0.0000,99999.0000,0.0000,1
850,9402,0.1000,0.0000,99999.0000,0.0000,0
851,40116,0.0000,0.0000,99999.0000,0.0000,1
852,44685,8.1840,-1.8400,24.8000,0.0000,0
853,857,2.1000,0.0000,99999.0000,0.0000,0
854,2494,0.1000,0.0000,99999.0000,0.0000,0
855,833,0.1000,0.0000,99999.0000,0.0000,0
856,48012,16.1000,0.0000,99999.0000,0.0000,0
857,47107,16.5000,0.0000,99999.0000,0.0000,0
858,10017,86.4000,-0.1340,86.4000,0.0000,0
859,2450,0.1000,0.0000,99999.0000,0.0000,0
860,2389,0.1000,0.0000,99999.0000,0.0000,0
861,2688,1.7000,0.0000,99999.0000,0.0000,0
862,46909,12.1000,0.0000,99999.0000,0.0000,0
863,6901,1.0000,0.0000,99999.0000,0.0000,0
864,47615,44.5500,1.0910,135.0000,0.0000,0
865,866,0.5000,0.0000,99999.0000,0.0000,0
866,47781,3.4000,0.0000,99999.0000,0.0000,0
867,46920,6.7000,0.0000,99999.0000,0.0000,0
868,2050,0.0000,0.0000,99999.0000,0.0000,1
869,9075,4.8000,0.0000,99999.0000,0.0000,0
870,46590,37.6200,-15.4000,114.0000,0.0000,0
871,46934,0.6000,0.0000,99999.0000,0.0000,0
872,47146,2.3000,0.0000,99999.0000,0.0000,0
873,47199,18.0000,0.0000,99999.0000,0.0000,0
874,47126,12.5000,3.3000,99999.0000,0.0000,0
875,47770,9.2000,0.0000,99999.0000,0.0000,0
876,48135,0.1000,0.0000,99999.0000,0.0000,0
877,309,0.6000,0.0000,99999.0000,0.0000,0
878,6653,29.7000,-18.4000,90.0000,0.0000,0
879,6412,20.5800,1.6440,22.5000,0.0000,1
880,46886,17.1000,0.0000,99999.0000,0.0000,0
881,4440,13.3000,0.0000,99999.0000,0.0000,1
882,3740,0.0000,0.0000,99999.0000,0.0000,1
883,46973,0.1000,0.0000,99999.0000,0.0000,0
884,47019,1.3000,0.0000,99999.0000,0.0000,0
885,47747,17.2000,0.0000,99999.0000,0.0000,0
886,31,0.0000,0.0000,99999.0000,0.0000,1
887,983,357.4000,-63.4000,358.5000,0.0000,1
888,9336,1.0000,0.0000,99999.0000,0.0000,0
889,348,2.7000,0.0000,99999.0000,0.0000,0
890,7453,131.0000,25.0300,192.0000,0.0000,1
891,5219,0.0000,0.0000,99999.0000,0.0000,1
892,8617,31.0000,14.7400,36.1020,0.0000,1
893,7358,0.0000,0.0000,99999.0000,0.0000,1
894,46375,35.6400,-10.5000,108.0000,0.0000,0
895,928,0.0000,0.0000,99999.0000,0.0000,1
896,7064,797.0000,-202.0000,797.0000,0.0000,1
897,48511,0.0000,0.0000,99999.0000,0.0000,1
898,46985,3.0000,0.0000,99999.0000,0.0000,0
899,17,0.0000,0.0000,99999.0000,0.0000,1
900,1052,5.0000,0.0000,99999.0000,0.0000,0
901,9406,0.1000,0.0000,99999.0000,0.0000,0
902,510,1540.0000,-6.9500,1540.0000,0.0000,1
903,3963,291.0000,19.2000,291.0000,0.0000,1
904,21,131.0000,-0.5240,216.0000,0.0000,1
905,46896,0.4000,0.0000,99999.0000,0.0000,0
906,871,4.7000,0.0000,99999.0000,0.0000,0
907,9535,0.1000,0.0000,99999.0000,0.0000,0
908,1070,831.0000,47.8300,855.2000,0.0000,1
909,3749,5.3000,0.0000,99999.0000,0.0000,0
910,8129,8.5800,-2.4400,26.0000,0.0000,0
911,1166,129.0000,-2.9300,129.0000,0.0000,1
912,44991,40.9200,-0.8000,128.0000,0.0000,0
913,9126,15.1000,0.0000,99999.0000,0.0000,1
914,8376,34.6500,-3.0400,105.0000,0.0000,0
915,5051,690.0000,-349.0000,690.0000,0.0000,1
916,3744,32.0000,-3.0400,32.0100,0.0000,1
917,315,0.0000,20.1300,99999.0000,0.0000,1
918,9769,0.0000,0.0000,99999.0000,0.0000,1
919,47195,26.3000,0.0000,99999.0000,0.0000,0
920,8727,41.5800,-22.4000,126.0000,0.0000,0
921,47087,0.6000,0.2000,99999.0000,0.0000,0
922,9734,27.0000,-2.9400,27.0000,0.0000,0
923,47340,25.0400,-10.2000,75.9000,0.0000,0
924,9768,0.0000,0.0000,99999.0000,0.0000,1
925,1594,117.0000,6.9180,117.8000,0.0000,1
926,7509,4.2000,0.0000,99999.0000,0.0000,0
927,2858,0.1000,0.0000,99999.0000,0.0000,0
928,8607,17.8400,-7.5600,54.0800,0.0000,0
929,8015,8.9100,-1.5200,27.0000,0.0000,0
930,10119,108.0000,-4.2800,108.0000,0.0000,0
931,46859,1.7000,0.0000,99999.0000,0.0000,0
932,4525,95.0000,19.0200,95.2000,0.0000,1
933,3524,0.0000,0.0000,99999.0000,0.0000,1
934,8686,15.2400,0.5413,46.2000,0.0000,0
935,45065,9.0000,0.6226,20.2200,0.0000,1
936,6597,8.6000,0.0000,99999.0000,0.0000,0
937,9325,0.5000,0.0000,99999.0000,0.0000,0
938,5032,55.0000,0.0000,100.0000,0.0000,1
939,46987,22.2000,0.0000,99999.0000,0.0000,0
940,1181,0.0000,0.0000,99999.0000,0.0000,1
941,47011,39.9000,0.0000,99999.0000,0.0000,0
942,8485,10.8500,-1.5100,32.9000,0.0000,0
943,7072,3.5000,0.0000,99999.0000,0.0000,0
944,5012,0.0000,0.0000,99999.0000,0.0000,1
945,4190,7.1000,0.0000,99999.0000,0.0000,0
946,5771,0.0000,0.0000,99999.0000,0.0000,1
947,6688,9.0090,-1.2400,27.3000,0.0000,0
948,6550,18.0100,-10.1000,54.6000,0.0000,0
949,9365,0.1000,0.0000,99999.0000,0.0000,0
950,9326,0.1000,0.0000,99999.0000,0.0000,0
951,5900,27.4400,-8.1100,83.1600,0.0000,0
952,881,0.1000,0.0000,99999.0000,0.0000,0
953,9342,0.1000,0.0000,99999.0000,0.0000,0
954,6136,3.9600,2.2020,12.0000,0.0000,0
955,2754,1.0000,0.0000,99999.0000,0.0000,0
956,46881,33.1000,5.1000,99999.0000,0.0000,0
957,5006,0.0000,0.0000,99999.0000,0.0000,1
958,2469,0.1000,0.0000,99999.0000,0.0000,0
959,6022,0.0000,0.0000,99999.0000,0.0000,1
960,6028,0.0000,0.0000,99999.0000,0.0000,1
961,46843,0.6000,0.0000,99999.0000,0.0000,0
962,47805,0.1000,0.0000,99999.0000,0.0000,0
963,6693,15.9300,-0.9980,48.3000,0.0000,0
964,500,1396.0000,-308.0000,1396.2000,0.0000,1
965,45172,58.1700,1.9050,72.0000,0.0000,0
966,2413,0.1000,0.0000,99999.0000,0.0000,0
967,10018,43.2000,-0.6020,43.2000,0.0000,0
968,521,64.0000,6.4210,80.4000,0.0000,1
969,5600,29.7000,-8.5000,90.0000,0.0000,0
970,5466,0.0000,0.0000,99999.0000,0.0000,1
971,2264,0.4000,0.0000,99999.0000,0.0000,0
972,2484,0.2000,0.0000,99999.0000,0.0000,0
973,46917,0.1000,0.0000,99999.0000,0.0000,0
974,7939,37.4200,-11.6000,113.4000,0.0000,0
975,45332,41.0000,0.0000,99999.0000,0.0000,1
976,511,354.0000,46.7500,354.0000,0.0000,1
977,47745,0.5000,0.0000,99999.0000,0.0000,0
978,6278,10.8900,-2.1200,33.0000,0.0000,0
979,9868,43.7000,-2.3600,43.7000,0.0000,0
980,46913,1.1000,0.0000,99999.0000,0.0000,0
981,46885,0.5000,0.0000,99999.0000,0.0000,0
982,8538,205.0000,74.0400,205.0000,0.0000,1
983,45909,30.0900,-10.4000,91.2000,0.0000,0
984,47202,0.3000,0.0000,99999.0000,0.0000,0
985,8873,5.0000,-1.8900,5.0000,0.0000,1
986,4755,2.4000,0.0000,99999.0000,0.0000,0
987,9094,0.6000,0.0000,99999.0000,0.0000,0
988,1480,0.0000,0.0000,99999.0000,0.0000,1
989,4809,116.0000,-5.1200,121.5000,0.0000,1
990,46405,0.0000,0.0000,99999.0000,0.0000,1
991,828,6.1000,0.0000,99999.0000,0.0000,0
992,2445,0.1000,0.0000,99999.0000,0.0000,0
993,892,0.1000,0.0000,99999.0000,0.0000,0
994,46974,17.6000,0.0000,99999.0000,0.0000,0
995,46113,28.3800,0.1483,86.0000,0.0000,0
996,47020,1.3000,0.0000,99999.0000,0.0000,0
997,44488,47.0500,-16.9000,142.6000,0.0000,0
998,6043,7.6230,-2.4600,23.1000,0.0000,0
999,6952,5.8000,0.0000,99999.0000,0.0000,0
1000,9704,0.7000,0.0000,99999.0000,0.0000,0
1001,808,1211.0000,115.7000,1240.0000,0.0000,1
1002,8225,18.0000,0.5626,18.0000,0.0000,1
1003,2415,0.1000,0.0000,99999.0000,0.0000,0
1004,47277,0.4000,0.0000,99999.0000,0.0000,0
1005,864,0.1000,0.0000,99999.0000,0.0000,0
1006,46942,1.1000,0.0000,99999.0000,0.0000,0
1007,8333,57.1700,-10.5000,173.2000,0.0000,0
1008,9449,90.0000,0.5098,90.0000,0.0000,1
1009,47123,0.0000,0.1000,99999.0000,0.0000,0
1010,6913,0.0000,0.0000,99999.0000,0.0000,1
1011,46926,0.4000,0.0000,99999.0000,0.0000,0
1012,8812,0.0000,0.0000,99999.0000,0.0000,1
1013,5648,0.0000,0.0000,99999.0000,0.0000,1
1014,47132,3.8000,0.0000,99999.0000,0.0000,0
1015,5905,39.6000,-31.9000,120.0000,0.0000,0
1016,5030,55.0000,-7.2000,100.0000,0.0000,1
1017,47067,10.1000,0.0000,99999.0000,0.0000,0
1018,7459,80.0000,42.3600,140.0000,0.0000,1
1019,1158,0.0000,0.0000,99999.0000,0.0000,1
1020,46019,150.0000,5.9940,150.0000,0.0000,1
1021,5658,0.0000,0.0000,99999.0000,0.0000,1
1022,3014,169.0000,-7.8500,212.5800,0.0000,1
1023,3093,25.0000,0.0000,99999.0000,0.0000,0
1024,46831,32.6700,0.9125,99.0000,0.0000,0
1025,5015,190.0000,-50.9000,400.0000,0.0000,1
1026,9735,185.1000,-43.6000,189.0000,0.0000,1
1027,45983,0.0000,0.0000,99999.0000,0.0000,1
1028,46835,0.3000,0.0000,99999.0000,0.0000,0
1029,47358,46.0300,-0.3150,139.5000,0.0000,0
1030,46989,28.8000,0.0000,99999.0000,0.0000,0
1031,47710,1.4000,0.0000,99999.0000,0.0000,0
1032,5075,19.8000,-4.7400,60.0000,0.0000,0
1033,10112,113.4000,-19.2000,113.4000,0.0000,0
1034,9220,50.3500,1.9560,51.0000,0.0000,1
1035,10802,0.3000,0.0000,99999.0000,0.0000,0
1036,6619,21.4800,-7.7700,65.1000,0.0000,0
1037,47021,2.2000,0.0000,99999.0000,0.0000,0
1038,506,61.0000,17.6400,100.9600,0.0000,1
1039,6629,28.6100,-14.6000,86.7000,0.0000,0
1040,1791,7.9000,0.0000,99999.0000,0.0000,0
1041,46592,37.6200,-15.8000,114.0000,0.0000,0
1042,46850,8.6000,0.0000,99999.0000,0.0000,0
1043,1157,879.9000,-7.8100,879.9000,0.0000,1
1044,9222,4.6000,0.1492,4.6000,0.0000,1
1045,2448,9.4000,0.0000,99999.0000,0.0000,0
1046,47072,1.0000,0.0000,99999.0000,0.0000,0
1047,7118,22.8600,-6.3700,69.3000,0.0000,0
1048,899,0.1000,0.0000,99999.0000,0.0000,0
1049,40795,29.6000,0.0000,99999.0000,0.0000,0
1050,1703,3.0000,0.0000,99999.0000,0.0000,0
1051,9764,8.4000,-0.3880,8.4000,0.0000,1
1052,4602,8.3000,0.0000,99999.0000,0.0000,0
1053,849,2.1000,0.0000,99999.0000,0.0000,0
1054,8765,16.9200,0.2716,51.3000,0.0000,0
1055,2361,1.8000,0.0000,99999.0000,0.0000,0
1056,9443,94.0000,5.0300,94.9000,0.0000,1
1057,5642,0.0000,0.0000,99999.0000,0.0000,1
1058,46860,3.6000,0.0000,99999.0000,0.0000,0
1059,6674,28.0800,-10.1000,85.1000,0.0000,0
1060,517,131.0000,21.4200,131.4000,0.0000,1
1061,10011,146.6000,-8.9300,146.6000,0.0000,0
1062,9011,1.0000,0.0000,99999.0000,0.0000,0
1063,3337,39.0000,0.0000,99999.0000,0.0000,0
1064,45986,0.0000,0.0000,99999.0000,0.0000,1
1065,6831,73.0000,-6.1700,73.5000,0.0000,1
1066,362,1.4000,0.0000,99999.0000,0.0000,0
1067,5650,120.0000,-7.9900,120.0000,0.0000,1
1068,6052,23.1000,-1.3600,70.0000,0.0000,0
1069,3974,0.0000,0.0000,99999.0000,0.0000,1
1070,45068,0.0000,0.0000,99999.0000,0.0000,1
1071,1568,0.3000,0.0000,99999.0000,0.0000,0
1072,2430,0.1000,0.0000,99999.0000,0.0000,0
1073,46992,11.2000,0.0000,99999.0000,0.0000,0
1074,47064,3.4000,0.0000,99999.0000,0.0000,0
1075,7944,40.1900,-9.2200,121.8000,0.0000,0
1076,7462,0.0000,0.0000,99999.0000,0.0000,1
1077,5557,0.0000,0.0000,99999.0000,0.0000,1
1078,6065,27.7200,-4.7100,84.0000,0.0000,0
1079,47787,3.2000,0.0000,99999.0000,0.0000,0
1080,47039,0.7000,0.0000,99999.0000,0.0000,0
1081,38,0.0000,-7.0800,99999.0000,0.0000,1
1082,47776,41.8000,0.0000,99999.0000,0.0000,0
1083,45568,22.2700,-7.4200,135.0000,0.0000,0
1084,5595,614.4000,-51.7000,815.4000,0.0000,1
1085,46916,26.2000,0.0000,99999.0000,0.0000,0
1086,6304,29.7000,-12.1000,90.0000,0.0000,0
1087,4283,0.0000,0.0000,99999.0000,0.0000,1
1088,2360,0.1000,0.0000,99999.0000,0.0000,0
1089,9950,7.2000,-0.7530,7.2000,0.0000,0
1090,8835,0.0000,0.0000,99999.0000,0.0000,1
1091,6106,32.5700,-21.9000,98.7000,0.0000,0
1092,8159,0.0000,0.0000,99999.0000,0.0000,1
1093,9949,27.0000,-5.9100,27.0000,0.0000,0
1094,46876,14.1000,0.0000,99999.0000,0.0000,0
1095,825,0.1000,0.0000,99999.0000,0.0000,0
1096,2600,181.0000,19.1400,181.0000,0.0000,1
1097,6195,29.7000,-9.7000,90.0000,0.0000,0
1098,6165,31.6800,2.5480,96.0000,0.0000,0
1099,47001,1.0000,0.0000,99999.0000,0.0000,0
1100,802,0.0000,0.0000,99999.0000,0.0000,1
1101,913,308.0000,52.8300,308.0000,0.0000,1
1102,855,4.4000,0.0000,99999.0000,0.0000,0
1103,8299,26.2900,-8.8100,79.6900,0.0000,0
1104,7611,4.3000,0.0000,99999.0000,0.0000,0
1105,5061,950.0000,-124.0000,1500.0000,0.0000,1
1106,46975,5.6000,0.0000,99999.0000,0.0000,0
1107,502,1329.0000,-113.0000,1330.0000,0.0000,1
1108,2672,9.9000,0.0000,99999.0000,0.0000,0
1109,47280,0.6000,0.0000,99999.0000,0.0000,0
1110,45536,66.1900,40.7200,200.6000,0.0000,0
1111,1173,210.0000,0.0000,210.0000,0.0000,1
1112,800,1609.0000,-111.0000,1676.0000,0.0000,1
1113,2456,0.1000,0.0000,99999.0000,0.0000,0
1114,2359,0.1000,0.0000,99999.0000,0.0000,0
1115,5460,0.0000,0.0000,99999.0000,0.0000,1
1116,46943,24.1000,0.0000,99999.0000,0.0000,0
1117,2497,0.1000,0.0000,99999.0000,0.0000,0
1118,6912,0.0000,0.0000,99999.0000,0.0000,1
1119,47105,0.6000,0.0000,99999.0000,0.0000,0
1120,48517,0.0000,0.0000,99999.0000,0.0000,1
1121,47150,20.8000,0.0000,99999.0000,0.0000,0
1122,1169,0.0000,0.0000,99999.0000,0.0000,1
1123,2896,0.5000,0.0000,99999.0000,0.0000,0
1124,4068,60.0000,-11.6000,87.4000,0.0000,1
1125,6776,17.8200,-8.6900,54.0000,0.0000,0
1126,47095,46.8000,0.0000,99999.0000,0.0000,0
1127,46872,1.7000,0.0000,99999.0000,0.0000,0
1128,48016,2.1000,0.0000,99999.0000,0.0000,0
1129,9038,2.0000,0.0000,99999.0000,0.0000,0
1130,7270,31.9400,-14.2000,96.8000,0.0000,0
1131,6314,0.0000,0.0000,99999.0000,0.0000,1
1132,9761,1.2000,-11.4000,1.2000,0.0000,1
1133,46883,1.7000,0.0000,99999.0000,0.0000,0
1134,45214,35.6400,-25.0000,108.0000,0.0000,0
1135,929,0.0000,0.0000,99999.0000,0.0000,1
1136,9426,0.1000,0.0000,99999.0000,0.0000,0
1137,4601,3.9000,0.0000,99999.0000,0.0000,0
1138,9448,65.0000,0.4215,65.0000,0.0000,1
1139,1602,2.0000,0.0000,99999.0000,0.0000,0
1140,47124,20.7000,-1.1000,99999.0000,0.0000,0
1141,9327,0.1000,0.0000,99999.0000,0.0000,0
1142,4376,0.0000,-56.4000,99999.0000,0.0000,1
1143,47157,4.5000,0.0000,99999.0000,0.0000,0
1144,10122,19.6000,-2.5600,19.6000,0.0000,0
1145,47517,60.0000,-4.8200,60.0000,0.0000,1
1146,6728,0.0000,0.0000,99999.0000,0.0000,1
1147,22,312.0000,0.2165,312.0000,0.0000,1
1148,44486,11.0800,-0.0710,33.6000,0.0000,0
1149,44819,0.0000,0.0000,99999.0000,0.0000,1
1150,47298,3.2000,0.0000,99999.0000,0.0000,0
1151,8749,52.6600,-11.1000,159.6000,0.0000,0
1152,8872,5.0000,-1.8900,5.0000,0.0000,1
1153,8257,0.0000,0.0000,99999.0000,0.0000,1
1154,8870,9.0000,-0.5700,9.0000,0.0000,1
1155,522,108.0000,0.3393,108.8000,0.0000,1
1156,45341,0.0000,0.0000,99999.0000,0.0000,1
1157,7885,0.0000,-576.0000,99999.0000,0.0000,1
1158,47070,4.2000,0.0000,99999.0000,0.0000,0
1159,752,51.0000,4.8710,54.0000,0.0000,1
1160,6756,49.0000,-3.7000,148.5000,0.0000,0
1161,2486,0.1000,0.0000,99999.0000,0.0000,0
1162,6266,17.9500,-5.1400,54.4000,0.0000,0
1163,5985,17.0900,-4.8000,51.8000,0.0000,0
1164,1559,140.0000,7.0540,140.1000,0.0000,1
1165,6599,6.1000,0.0000,99999.0000,0.0000,0
1166,6793,24.9400,-3.9300,75.6000,0.0000,0
1167,9324,0.1000,0.0000,99999.0000,0.0000,0
1168,47196,0.5000,0.0000,99999.0000,0.0000,0
1169,2412,0.1000,0.0000,99999.0000,0.0000,0
1170,5888,0.0000,0.0000,99999.0000,0.0000,1
1171,918,0.0000,0.0000,99999.0000,0.0000,1
1172,47185,67.2000,0.0000,99999.0000,0.0000,0
1173,1554,2.1000,0.0000,99999.0000,0.0000,0
1174,250,96.0000,16.3600,96.0000,0.0000,1
1175,7061,761.0000,-139.0000,761.0000,0.0000,1
1176,10180,0.6000,0.0000,99999.0000,0.0000,0
1177,10019,56.7000,-0.9080,56.7000,0.0000,0
1178,4990,10.8000,0.0000,99999.0000,0.0000,0
1179,869,0.1000,0.0000,99999.0000,0.0000,0
1180,805,0.0000,0.0000,99999.0000,0.0000,1
1181,48014,3.6000,0.0000,99999.0000,0.0000,0
1182,8085,38.7700,-0.5230,117.5000,0.0000,0
1183,8477,44.5900,-30.3000,135.1000,0.0000,0
1184,785,10.0000,0.0000,99999.0000,0.0000,0
1185,5901,10.2900,-1.9100,31.1800,0.0000,0
1186,46990,26.4000,0.0000,99999.0000,0.0000,0
1187,9183,10.3000,-0.3130,10.3000,0.0000,0
1188,305,380.0000,-12.2000,380.0000,0.0000,1
1189,8866,5.0000,0.6658,5.0000,0.0000,1
1190,9713,0.6000,0.0000,99999.0000,0.0000,0
1191,3912,8.1000,0.0000,99999.0000,0.0000,0
1192,46949,3.8000,0.0000,99999.0000,0.0000,0
1193,4208,0.0000,0.0000,99999.0000,0.0000,1
1194,9824,0.0000,-19.6000,99999.0000,0.0000,1
1195,2457,0.1000,0.0000,99999.0000,0.0000,0
1196,47151,5.6000,0.0000,99999.0000,0.0000,0
1197,4031,0.8000,0.0000,99999.0000,0.0000,0
1198,9701,0.1000,0.0000,99999.0000,0.0000,0
1199,47009,15.1000,0.0000,99999.0000,0.0000,0
1200,343,210.0000,15.2100,210.0000,0.0000,1
1201,11,1350.0000,335.0000,1350.0000,0.0000,1
1202,5913,34.6500,-5.9400,105.0000,0.0000,0
1203,47205,0.2000,0.0000,99999.0000,0.0000,0
1204,46954,3.2000,0.0000,99999.0000,0.0000,0
1205,5145,0.0000,-5.2700,99999.0000,0.0000,1
1206,10113,118.8000,4.0090,118.8000,0.0000,0
1207,46982,1.0000,0.0000,99999.0000,0.0000,0
1208,295,2.0000,0.0000,99999.0000,0.0000,0
1209,30,0.0000,0.0000,99999.0000,0.0000,1
1210,45066,20.0000,0.4486,40.4400,0.0000,1
1211,8830,0.0000,0.0000,99999.0000,0.0000,1
1212,8340,30.8500,-10.9000,93.5000,0.0000,0
1213,4148,1.8000,0.0000,99999.0000,0.0000,0
1214,8968,31.9700,-10.6000,96.9000,0.0000,0
1215,44699,7.5240,0.2103,119.7000,0.0000,0
1216,5048,18.0100,-4.2200,54.6000,0.0000,0
1217,9653,1.4000,0.0000,99999.0000,0.0000,0
1218,6775,31.0200,-11.5000,94.0000,0.0000,0
1219,8339,30.8500,-11.0000,93.5000,0.0000,0
1220,47142,3.5000,-0.2000,99999.0000,0.0000,0
1221,1564,0.5000,0.0000,99999.0000,0.0000,0
1222,46844,1.2000,0.0000,99999.0000,0.0000,0
1223,2343,0.4000,0.0000,99999.0000,0.0000,0
1224,44663,26.3300,-13.8000,79.8000,0.0000,0
1225,3641,129.0000,5.5720,129.2000,0.0000,1
1226,9499,26.2900,-7.9300,79.6900,0.0000,0
1227,6382,38.8000,-16.7000,117.6000,0.0000,0
1228,47189,2.9000,0.0000,99999.0000,0.0000,0
1229,8691,9.7670,-1.7900,29.6000,0.0000,0
1230,9986,149.2000,9.3770,328.0000,0.0000,1
1231,306,133.0000,4.8960,140.0000,0.0000,1
1232,6144,19.5300,-4.9600,59.2000,0.0000,0
1233,5558,0.0000,0.0000,99999.0000,0.0000,1
1234,1305,0.2000,0.0000,99999.0000,0.0000,0
1235,4523,60.0000,9.3750,60.8000,0.0000,1
1236,48017,3.4000,0.0000,99999.0000,0.0000,0
1237,3797,16.7000,0.0000,99999.0000,0.0000,0
1238,916,0.0000,0.0000,99999.0000,0.0000,1
1239,4062,0.3000,0.0000,99999.0000,0.0000,0
1240,2452,0.1000,0.0000,99999.0000,0.0000,0
1241,8661,9.9000,-3.0400,30.0000,0.0000,0
1242,6552,0.0000,8.8730,99999.0000,0.0000,1
1243,6051,25.0900,-10.1000,76.0500,0.0000,0
1244,2839,3.8000,0.0000,99999.0000,0.0000,0
1245,6114,9.9000,-1.9200,30.0000,0.0000,0
1246,4446,25.6000,0.0000,99999.0000,0.0000,1
1247,9405,0.1000,0.0000,99999.0000,0.0000,0
1248,46947,0.9000,0.1000,99999.0000,0.0000,0
1249,6229,29.7000,0.4160,90.0000,0.0000,0
1250,48167,26.7300,-12.4000,117.0000,0.0000,0
1251,47194,3.3000,0.0000,99999.0000,0.0000,0
1252,47285,17.3000,0.0000,99999.0000,0.0000,0
1253,8778,22.2500,-5.6900,67.4500,0.0000,0
1254,8330,24.9400,4.1330,75.6000,0.0000,0
1255,8550,0.0000,0.0000,99999.0000,0.0000,1
1256,4158,4.4000,0.0000,99999.0000,0.0000,0
1257,46884,38.8000,0.0000,99999.0000,0.0000,0
1258,5203,0.1000,0.2000,0.1000,0.0000,1
1259,8379,15.0400,-0.0220,131.1000,0.0000,0
1260,47098,37.2000,0.0000,99999.0000,0.0000,0
1261,46377,37.1200,-10.9000,112.5000,0.0000,0
1262,8725,37.9600,-30.8000,115.0000,0.0000,0
1263,2841,0.9000,0.0000,99999.0000,0.0000,0
1264,1585,0.0000,0.0000,99999.0000,0.0000,1
1265,9035,0.0000,0.0000,99999.0000,0.0000,1
1266,3995,18.0000,0.0000,99999.0000,0.0000,0
1267,8156,26.9400,-11.3000,81.6500,0.0000,0
1268,48010,0.5000,0.0000,99999.0000,0.0000,0
1269,46857,25.2000,0.0000,99999.0000,0.0000,0
1270,8629,13.8600,-2.2400,42.0000,0.0000,0
1271,883,2.5000,0.0000,99999.0000,0.0000,0
1272,8398,38.1100,-3.6800,115.5000,0.0000,0
1273,7096,3.4000,0.0000,99999.0000,0.0000,0
1274,893,0.1000,0.0000,99999.0000,0.0000,0
1275,6634,24.3300,-14.0000,73.7400,0.0000,0
1276,5820,0.0000,0.0000,99999.0000,0.0000,1
1277,525,7.0000,1.5370,12.5000,0.0000,1
1278,10389,7.8000,0.0000,99999.0000,0.0000,0
1279,46908,49.6000,0.0000,99999.0000,0.0000,0
1280,46952,8.8000,0.0000,99999.0000,0.0000,0
1281,9853,22.6000,-3.2600,22.6000,0.0000,0
1282,46839,1.1000,0.0000,99999.0000,0.0000,0
1283,9332,0.1000,0.0000,99999.0000,0.0000,0
1284,5009,0.0000,0.0000,99999.0000,0.0000,1
1285,8230,0.0000,0.0000,99999.0000,0.0000,1
1286,47198,2.3000,0.0000,99999.0000,0.0000,0
1287,6310,10.8500,-0.5410,32.9000,0.0000,0
1288,2481,0.0000,0.0000,99999.0000,0.0000,1
1289,7919,33.8500,-11.1000,102.6000,0.0000,0
1290,47144,30.3000,8.5000,99999.0000,0.0000,0
1291,10108,51.7000,-3.9300,51.7000,0.0000,0
1292,3771,11.4000,0.0000,99999.0000,0.0000,0
1293,2408,0.1000,0.0000,99999.0000,0.0000,0
1294,301,400.0000,7.6030,400.0000,0.0000,1
1295,47766,1.6000,0.0000,99999.0000,0.0000,0
1296,6386,19.7300,-2.5800,59.8000,0.0000,0
1297,47960,17.5000,0.0000,99999.0000,0.0000,0
1298,909,101.0000,12.0200,110.0000,0.0000,1
1299,47147,25.9000,0.0000,99999.0000,0.0000,0
1300,47137,0.8000,-0.3000,99999.0000,0.0000,0
1301,46996,29.0000,0.0000,99999.0000,0.0000,0
1302,47209,0.9000,0.0000,99999.0000,0.0000,0
1303,5978,122.0000,19.4700,122.0000,0.0000,1
1304,44329,535.0000,206.3000,535.0000,0.0000,1
1305,3951,2.0000,0.0000,99999.0000,0.0000,0
1306,5660,0.0000,0.0000,99999.0000,0.0000,1
1307,47279,2.9000,0.0000,99999.0000,0.0000,0
1308,514,346.0000,107.2000,414.0000,0.0000,1
1309,47086,0.1000,0.0000,99999.0000,0.0000,0
1310,47620,15.5700,-8.4700,47.2000,0.0000,0
1311,7909,51.1500,-15.2000,155.0000,0.0000,0
1312,6420,0.0000,0.0000,99999.0000,0.0000,1
1313,4300,0.0000,0.0000,99999.0000,0.0000,1
1314,882,0.1000,0.0000,99999.0000,0.0000,0
1315,6294,194.0000,-58.9000,438.0000,0.0000,1
1316,5079,16.5000,-4.7400,50.0000,0.0000,0
1317,7393,2.0000,0.0000,99999.0000,0.0000,0
1318,47085,6.1000,1.8000,99999.0000,0.0000,0
1319,9409,0.1000,0.0000,99999.0000,0.0000,0
1320,48007,6.5000,0.0000,99999.0000,0.0000,0
1321,46978,16.6000,0.0000,99999.0000,0.0000,0
1322,5322,39.6000,-12.2000,120.0000,0.0000,0
1323,3333,28.1000,8.4000,99999.0000,0.0000,0
1324,9561,32.0000,3.6100,82.0000,0.0000,1
1325,8120,17.8200,-8.4400,54.0000,0.0000,0
1326,46993,20.6000,0.0000,99999.0000,0.0000,0
1327,8423,0.0000,0.0000,99999.0000,0.0000,1
1328,6447,0.0000,0.0000,99999.0000,0.0000,1
1329,46875,17.1000,0.0000,99999.0000,0.0000,0
1330,46991,4.4000,0.0000,99999.0000,0.0000,0
1331,47,0.0000,6.1150,99999.0000,0.0000,1
1332,46995,34.6000,0.0000,99999.0000,0.0000,0
1333,46840,1.6000,0.0000,99999.0000,0.0000,0
1334,45278,41.7400,-4.2600,126.5000,0.0000,0
1335,4900,19.3000,0.2679,19.3000,0.0000,1
1336,45567,74.0100,-5.3500,132.4000,0.0000,0
1337,9759,6.4000,0.0000,99999.0000,0.0000,0
1338,47066,9.6000,0.0000,99999.0000,0.0000,0
1339,501,2315.0000,-328.0000,3623.0000,0.0000,1
1340,47010,11.6000,0.0000,99999.0000,0.0000,0
1341,2766,0.5000,0.0000,99999.0000,0.0000,0
1342,6892,191.6000,-28.3000,216.1200,0.0000,1
1343,47134,11.4000,0.1000,99999.0000,0.0000,0
1344,2172,0.1000,0.0000,99999.0000,0.0000,0
1345,6885,0.0000,-45.3000,99999.0000,0.0000,1
1346,858,0.1000,0.0000,99999.0000,0.0000,0
1347,4039,105.0000,0.9986,105.0000,0.0000,1
1348,7492,4.0000,0.0000,99999.0000,0.0000,0
1349,9763,55.0000,11.2000,55.0000,0.0000,0
1350,2414,0.1000,0.0000,99999.0000,0.0000,0
1351,44580,28.3800,0.1138,86.0000,0.0000,0
1352,8388,37.4200,-10.7000,113.4000,0.0000,0
1353,5729,16.6900,-7.8200,50.6000,0.0000,0
1354,2320,0.5000,0.0000,99999.0000,0.0000,0
1355,9447,68.0000,4.8610,68.4000,0.0000,1
1356,6279,9.9000,-1.8300,30.0000,0.0000,0
1357,512,73.0000,8.7580,73.8000,0.0000,1
1358,9900,16.1000,-1.2500,16.1000,0.0000,0
1359,3759,18.2000,0.0000,99999.0000,0.0000,0
1360,753,239.0000,28.3800,252.0000,0.0000,1
1361,46901,10.0000,0.0000,99999.0000,0.0000,0
1362,9760,0.0000,0.0000,99999.0000,0.0000,1
1363,5054,460.0000,-141.0000,690.0000,0.0000,1
1364,46976,1.8000,0.0000,99999.0000,0.0000,0
1365,274,2.0000,0.0000,99999.0000,0.0000,0
1366,8897,16.0000,-10.8000,48.5100,0.0000,0
1367,5320,9.2400,-1.7700,28.0000,0.0000,0
1368,6024,0.0000,0.0000,99999.0000,0.0000,1
1369,47065,0.2000,0.0000,99999.0000,0.0000,0
1370,6057,30.6900,-4.3700,93.0000,0.0000,0
1371,47082,20.4000,6.1000,99999.0000,0.0000,0
1372,5805,0.0000,0.0000,99999.0000,0.0000,1
1373,14,222.0000,-85.8000,222.0000,0.0000,1
1374,44928,32.6700,-5.5700,99.0000,0.0000,0
1375,45048,41.5800,-4.1800,126.0000,0.0000,0
1376,6016,7.6230,-2.5800,23.1000,0.0000,0
1377,44865,16.0000,0.0000,99999.0000,0.0000,1
1378,2863,185.0000,5.7630,191.9000,0.0000,1
1379,6164,49.5000,5.9360,150.0000,0.0000,0
1380,46841,4.6000,0.0000,99999.0000,0.0000,0
1381,10288,10.8000,0.0000,99999.0000,0.0000,0
1382,1704,4.2000,0.0000,99999.0000,0.0000,0
1383,46837,16.1000,0.0000,99999.0000,0.0000,0
1384,7092,1.5000,0.0000,99999.0000,0.0000,0
1385,46902,1.4000,0.0000,99999.0000,0.0000,0
1386,7206,900.0000,-267.0000,900.0000,0.0000,1
1387,6742,19.8000,-1.6200,60.0000,0.0000,0
1388,1501,56.0000,6.7580,56.0000,0.0000,1
1389,9530,3.1000,0.0000,99999.0000,0.0000,0
1390,9784,18.2000,-5.0100,18.2000,0.0000,1
1391,1509,0.3000,0.0000,99999.0000,0.0000,0
1392,8071,25.3400,-6.5300,76.8000,0.0000,0
1393,7017,2.5000,0.0000,99999.0000,0.0000,0
1394,9373,0.1000,0.0000,99999.0000,0.0000,0
1395,6711,18.2100,-4.6400,55.2000,0.0000,0
1396,7918,33.8500,-10.8000,102.6000,0.0000,0
1397,6372,38.4700,-9.2100,116.6000,0.0000,0
1398,9328,0.1000,0.0000,99999.0000,0.0000,0
1399,44892,0.0000,0.0000,99999.0000,0.0000,1
1400,47092,0.5000,0.0000,99999.0000,0.0000,0
1401,4520,176.0000,1.8510,176.1000,0.0000,1
1402,1528,0.2000,0.0000,99999.0000,0.0000,0
1403,5218,0.0000,0.0000,99999.0000,0.0000,1
1404,47749,8.7000,5.4000,99999.0000,0.0000,0
1405,516,122.0000,8.5830,140.8000,0.0000,1
1406,3162,9.9000,0.0000,99999.0000,0.0000,0
1407,47709,1.6000,0.0000,99999.0000,0.0000,0
1408,47112,2.0000,0.0000,99999.0000,0.0000,0
1409,2392,1.0000,0.0000,99999.0000,0.0000,0
1410,836,2.2000,0.0000,99999.0000,0.0000,0
1411,9923,0.5000,0.0000,99999.0000,0.0000,0
1412,854,0.9000,0.0000,99999.0000,0.0000,0
1413,9100,0.0000,0.0000,99999.0000,0.0000,1
1414,1155,500.0000,6.8660,500.0000,0.0000,1
1415,44075,0.0000,0.0000,99999.0000,0.0000,1
1416,5522,55.0000,-10.8000,127.0000,0.0000,1
1417,304,341.0000,-80.5000,390.0000,0.0000,1
1418,47116,1.7000,0.0000,99999.0000,0.0000,0
1419,46971,15.0000,0.0000,99999.0000,0.0000,0
1420,47702,1.6000,0.0000,99999.0000,0.0000,0
1421,8080,12.6700,-3.1200,38.4000,0.0000,0
1422,47154,15.0000,0.0000,99999.0000,0.0000,0
1423,9369,0.1000,0.0000,99999.0000,0.0000,0
1424,2378,0.1000,0.0000,99999.0000,0.0000,0
1425,45908,35.7300,-11.6000,108.3000,0.0000,0
1426,8147,52.6600,-22.9000,159.6000,0.0000,0
1427,5243,0.0000,0.0000,99999.0000,0.0000,1
1428,6232,34.5100,-6.7300,104.6000,0.0000,0
1429,4250,1.2000,0.0000,99999.0000,0.0000,0
1430,6625,21.3800,-6.2000,64.8000,0.0000,0
1431,9034,0.0000,0.0000,99999.0000,0.0000,1
1432,7452,85.0000,16.0200,124.0000,0.0000,1
1433,5609,0.0000,0.0000,99999.0000,0.0000,1
1434,8306,19.8000,-6.4300,60.0000,0.0000,0
1435,4205,0.0000,0.0000,99999.0000,0.0000,1
1436,47108,0.9000,0.0000,99999.0000,0.0000,0
1437,2358,0.1000,0.0000,99999.0000,0.0000,0
1438,47168,13.3000,0.0000,99999.0000,0.0000,0
1439,47037,20.0000,0.0000,99999.0000,0.0000,0
1440,2760,0.8000,0.0000,99999.0000,0.0000,0
1441,44327,1100.0000,179.0000,1100.1000,0.0000,1
1442,47832,42.0000,0.0000,99999.0000,0.0000,0
1443,6295,0.0000,0.0000,99999.0000,0.0000,1
1444,47110,11.8000,0.0000,99999.0000,0.0000,0
1445,2431,0.1000,0.0000,99999.0000,0.0000,0
1446,5472,9.4050,-1.8700,28.5000,0.0000,0
1447,47012,2.7000,0.0000,99999.0000,0.0000,0
1448,1859,27.4000,0.0000,99999.0000,0.0000,0
1449,8224,18.0000,0.1223,24.0000,0.0000,1
1450,8099,9.2400,-1.4200,28.0000,0.0000,0
1451,47149,0.1000,0.0000,99999.0000,0.0000,0
1452,47648,55.4400,-7.4300,168.0000,0.0000,0
1453,9082,0.3000,0.0000,99999.0000,0.0000,0
1454,300,544.0000,-173.0000,1192.0000,0.0000,1
1455,44074,0.0000,13.9200,99999.0000,0.0000,1
1456,6421,0.0000,-65.4000,99999.0000,0.0000,1
1457,46865,1.9000,0.0000,99999.0000,0.0000,0
1458,2102,3.6000,0.0000,99999.0000,0.0000,0
1459,3999,17.9000,0.0000,99999.0000,0.0000,0
1460,4063,3.9000,0.0000,99999.0000,0.0000,0
1461,6991,1.0000,0.0000,99999.0000,0.0000,0
1462,2835,0.1000,0.0000,99999.0000,0.0000,0
1463,4970,15.1000,0.0000,99999.0000,0.0000,0
1464,47317,5.9000,-10.2000,99999.0000,0.0000,0
1465,46852,21.3000,0.0000,99999.0000,0.0000,0
1466,47360,47.5200,-0.0030,144.0000,0.0000,0
1467,47197,14.4000,0.0000,99999.0000,0.0000,0
1468,47141,6.8000,-0.5000,99999.0000,0.0000,0
1469,1040,502.1000,-442.0000,99999.0000,0.0000,1
1470,46950,2.0000,0.0000,99999.0000,0.0000,0
1471,6021,0.0000,0.0000,99999.0000,0.0000,1
1472,865,1.4000,0.0000,99999.0000,0.0000,0
1473,9719,0.6000,0.0000,99999.0000,0.0000,0
1474,47513,35.6400,-7.3500,108.0000,0.0000,0
1475,7050,266.0000,-54.9000,266.0000,0.0000,1
1476,1107,6050.0000,-38.2000,7200.0000,0.0000,1
1477,9600,69.0000,-35.9000,69.0000,0.0000,1
1478,6791,12.4700,-8.4000,63.0000,0.0000,0
1479,2190,0.1000,0.0000,99999.0000,0.0000,0
1480,4138,2.9000,0.0000,99999.0000,0.0000,1
1481,46977,0.4000,0.0000,99999.0000,0.0000,0
1482,46946,15.7000,1.9000,99999.0000,0.0000,0
1483,45274,0.0000,0.0000,99999.0000,0.0000,1
1484,47042,3.1000,0.0000,99999.0000,0.0000,0
1485,6066,31.6800,-12.9000,96.0000,0.0000,0
1486,2900,18.5000,0.0000,99999.0000,0.0000,0
1487,47051,26.0000,0.0000,99999.0000,0.0000,0
1488,6411,20.0000,1.6370,20.0000,0.0000,1
1489,8967,35.7300,-11.5000,108.3000,0.0000,0
1490,614,0.0000,0.0000,99999.0000,0.0000,1
1491,46858,15.2000,0.0000,99999.0000,0.0000,0
1492,920,0.0000,0.0000,99999.0000,0.0000,1
1493,337,0.4000,0.0000,99999.0000,0.0000,0
1494,4206,0.0000,0.0000,99999.0000,0.0000,1
1495,47035,1.2000,0.0000,99999.0000,0.0000,0
1496,4434,10.7000,0.0000,99999.0000,0.0000,1
1497,9531,5.0000,0.0000,99999.0000,0.0000,0
1498,9080,1.9000,0.0000,99999.0000,0.0000,0
1499,45206,32.6700,-9.6800,99.0000,0.0000,0
1500,46937,1.6000,0.0000,99999.0000,0.0000,0
1501,47127,0.6000,0.0000,99999.0000,0.0000,0
1502,1702,3.0000,0.0000,99999.0000,0.0000,0
1503,47775,4.5000,0.0000,99999.0000,0.0000,0
1504,47324,1.5000,0.0000,99999.0000,0.0000,0
1505,5659,0.0000,0.0000,99999.0000,0.0000,1
1506,5013,0.0000,0.0000,99999.0000,0.0000,1
1507,47130,26.1000,0.0000,99999.0000,0.0000,0
1508,911,204.0000,51.9200,220.0000,0.0000,1
1509,45340,0.0000,0.0000,99999.0000,0.0000,1
1510,46892,0.8000,0.0000,99999.0000,0.0000,0
1511,46933,6.9000,0.0000,99999.0000,0.0000,0
1512,6222,9.8010,-1.3600,29.7000,0.0000,0
1513,47074,4.3000,0.0000,99999.0000,0.0000,0
1514,4100,0.0000,0.0000,99999.0000,0.0000,1
1515,46935,45.2000,0.0000,99999.0000,0.0000,0
1516,48140,2.6000,0.0000,99999.0000,0.0000,0
1517,48002,0.0000,0.0000,99999.0000,0.0000,1
1518,8013,27.3200,-6.0100,82.8000,0.0000,0
1519,45134,35.7300,1.5390,148.2000,0.0000,0
1520,9740,134.0000,-27.5000,141.9000,0.0000,1
1521,4605,13.1000,0.0000,99999.0000,0.0000,1
1522,6020,33.9500,-14.6000,102.9000,0.0000,0
1523,5746,157.1000,-8.4500,200.6000,0.0000,1
1524,8833,0.0000,0.0000,99999.0000,0.0000,1
1525,44826,5.4450,-0.6600,16.5000,0.0000,0
1526,2702,25.2000,0.0000,99999.0000,0.0000,0
1527,926,0.0000,0.0000,99999.0000,0.0000,1
1528,45072,0.0000,0.0000,99999.0000,0.0000,1
1529,9867,10.0000,-0.3430,10.0000,0.0000,0
1530,5294,29.7000,1.5770,90.0000,0.0000,0
1531,10114,57.6000,-2.7800,57.6000,0.0000,0
1532,47079,31.6000,0.0000,99999.0000,0.0000,0
1533,4009,0.9000,0.0000,99999.0000,0.0000,0
1534,46972,4.8000,0.0000,99999.0000,0.0000,0
1535,9115,0.0000,0.0000,99999.0000,0.0000,1
1536,46903,13.5000,0.0000,99999.0000,0.0000,0
1537,44775,8.6000,0.0000,99999.0000,0.0000,0
1538,1369,45.0000,0.6761,45.0000,0.0000,0
1539,46932,4.0000,0.0000,99999.0000,0.0000,0
1540,9416,1.3000,0.0000,99999.0000,0.0000,0
1541,5968,12.4700,0.5492,37.8000,0.0000,0
1542,44684,47.0500,-13.8000,142.6000,0.0000,0
1543,874,0.3000,0.0000,99999.0000,0.0000,0
1544,47658,62.6000,0.0000,99999.0000,0.0000,0
1545,6072,16.5000,-3.3600,50.0000,0.0000,0
1546,3772,5.3000,0.0000,99999.0000,0.0000,0
1547,9700,0.1000,0.0000,99999.0000,0.0000,0
1548,8484,21.7100,-1.8800,65.8000,0.0000,0
1549,44764,0.0000,8.0410,99999.0000,0.0000,1
1550,47163,0.3000,0.0000,99999.0000,0.0000,0
1551,47183,0.2000,0.0000,99999.0000,0.0000,0
1552,7656,296.0000,66.9900,409.2000,0.0000,1
1553,47013,6.0000,0.0000,99999.0000,0.0000,0
1554,8128,8.5800,-0.4880,26.0000,0.0000,0
1555,4001,0.1000,0.0000,99999.0000,0.0000,0
1556,5022,1338.0000,-637.0000,2050.0000,0.0000,1
1557,47179,7.6000,0.0000,99999.0000,0.0000,0
1558,48004,4.1000,0.0000,99999.0000,0.0000,0
1559,47276,0.6000,0.1000,99999.0000,0.0000,0
1560,317,69.0000,-9.1500,69.0000,0.0000,1
1561,863,0.1000,0.0000,99999.0000,0.0000,0
1562,40732,0.0000,0.0000,99999.0000,0.0000,1
1563,5672,29.4000,-17.7000,89.1000,0.0000,0
1564,3964,450.0000,-12.1000,450.0000,0.0000,1
1565,9689,0.5000,0.0000,99999.0000,0.0000,0
1566,48015,23.3000,0.0000,99999.0000,0.0000,0
1567,46957,5.6000,0.0000,99999.0000,0.0000,0
1568,7286,32.8000,-20.8000,99.4000,0.0000,0
1569,8780,15.2200,-2.1000,46.1500,0.0000,0
1570,44325,120.0000,-5.0700,120.0000,0.0000,1
1571,44696,8.0000,-0.3960,10.0000,0.0000,1
1572,6888,191.6000,-28.3000,216.1200,0.0000,1
1573,5622,38.0400,-10.5000,115.3000,0.0000,0
1574,6891,164.0000,-3.8400,216.0000,0.0000,1
1575,10468,94.5000,-15.5000,94.5000,0.0000,0
1576,6636,36.6300,-18.8000,111.0000,0.0000,0
1577,2442,1.8000,0.0000,99999.0000,0.0000,0
1578,6227,13.8600,-4.0100,42.0000,0.0000,0
1579,888,1.6000,0.0000,99999.0000,0.0000,0
1580,46871,21.0000,0.0000,99999.0000,0.0000,0
1581,4444,10.0000,0.0000,99999.0000,0.0000,1
1582,2483,0.1000,0.0000,99999.0000,0.0000,0
1583,519,264.0000,14.4500,264.0000,0.0000,1
1584,47052,2.6000,0.0000,99999.0000,0.0000,0
1585,8938,35.4400,-16.0000,107.4000,0.0000,0
1586,40703,0.1000,0.0000,99999.0000,0.0000,0
1587,45209,37.6200,-14.9000,114.0000,0.0000,0
1588,4400,11.6000,0.0000,99999.0000,0.0000,0
1589,7469,0.0000,0.0000,99999.0000,0.0000,1
1590,9403,0.1000,0.0000,99999.0000,0.0000,0
1591,44077,0.0000,35.5400,99999.0000,0.0000,1
1592,1162,0.0000,0.0000,99999.0000,0.0000,1
1593,5126,36.0300,1.5430,109.2000,0.0000,0
1594,2423,0.1000,0.0000,99999.0000,0.0000,0
1595,5523,0.0000,0.0000,99999.0000,0.0000,1
1596,46845,0.3000,0.0000,99999.0000,0.0000,0
1597,47135,60.0000,0.0000,99999.0000,0.0000,0
1598,8679,24.9400,4.3560,75.6000,0.0000,0
1599,4301,0.0000,0.0000,99999.0000,0.0000,1
1600,6419,1663.0000,-162.0000,1750.0000,0.0000,1
1601,47117,2.4000,0.0000,99999.0000,0.0000,0
1602,2388,0.1000,0.0000,99999.0000,0.0000,0
1603,45982,0.0000,0.0000,99999.0000,0.0000,1
1604,46832,2.0000,0.0000,99999.0000,0.0000,0
1605,47806,0.1000,0.0000,99999.0000,0.0000,0
1606,354,0.0000,27.6400,99999.0000,0.0000,1
1607,47796,3.6000,0.0000,99999.0000,0.0000,0
1608,9446,53.0000,-4.3800,53.6000,0.0000,1
1609,47169,0.9000,0.0000,99999.0000,0.0000,0
1610,6659,32.5700,-14.3000,98.7000,0.0000,0
1611,4478,113.0000,-26.7000,201.0000,0.0000,1
1612,524,45.0000,-6.9100,45.6000,0.0000,1
1613,8874,42.0000,-7.0100,42.0000,0.0000,1
1614,47176,1.7000,0.0000,99999.0000,0.0000,0
1615,6555,18.0000,-0.5450,77.8000,0.0000,1
1616,6145,19.8000,-3.9600,60.0000,0.0000,0
1617,2947,24.6000,0.0000,99999.0000,0.0000,0
1618,8004,-167.0000,65.0100,99999.0000,0.0000,1
1619,45553,55.4400,-6.6600,168.0000,0.0000,0
1620,8114,13.2000,-2.0200,40.0000,0.0000,0
1621,9111,7.5000,0.0000,99999.0000,0.0000,0
1622,47071,0.1000,0.0000,99999.0000,0.0000,0
1623,7454,35.0000,-13.5000,62.0000,0.0000,1
1624,2385,0.1000,0.0000,99999.0000,0.0000,0
1625,8113,5.9400,-0.6990,18.0000,0.0000,0
1626,9765,12.5000,-0.8280,12.5000,0.0000,1
1627,5014,0.0000,0.0000,99999.0000,0.0000,1
1628,6637,29.7000,0.5825,90.0000,0.0000,0
1629,838,2.3000,0.0000,99999.0000,0.0000,0
1630,46919,8.0000,0.0000,99999.0000,0.0000,0
1631,810,1256.0000,-154.0000,1260.0000,0.0000,1
1632,47162,6.5000,0.5000,99999.0000,0.0000,0
1633,4052,243.0000,-0.5130,243.0000,0.0000,1
1634,47028,3.0000,0.0000,99999.0000,0.0000,0
1635,44981,0.1000,0.0000,99999.0000,0.0000,0
1636,7222,2.9000,0.0000,99999.0000,0.0000,0
1637,6638,38.3700,-12.6000,116.3000,0.0000,0
1638,4596,0.0000,0.0000,99999.0000,0.0000,1
1639,45083,34.1500,-5.0200,103.5000,0.0000,0
1640,5011,0.0000,0.0000,99999.0000,0.0000,1
1641,2808,4.1000,0.0000,99999.0000,0.0000,0
1642,8615,32.0000,14.7500,39.3840,0.0000,1
1643,5823,0.0000,0.0000,99999.0000,0.0000,1
1644,10320,0.1000,0.0000,99999.0000,0.0000,0
1645,924,0.0000,0.0000,99999.0000,0.0000,1
1646,47223,5.0000,0.0000,99999.0000,0.0000,0
1647,6729,3000.0000,-996.0000,3055.5000,0.0000,1
1648,2351,0.1000,0.0000,99999.0000,0.0000,0
1649,1504,7.5000,0.0000,99999.0000,0.0000,0
1650,10049,0.1000,0.0000,99999.0000,0.0000,0
1651,904,1450.0000,-450.0000,1450.0000,0.0000,1
1652,6035,19.2800,-2.1400,58.4500,0.0000,0
1653,47688,0.2000,0.0000,99999.0000,0.0000,0
1654,47058,3.7000,0.0000,99999.0000,0.0000,0
1655,8141,44.3500,-20.3000,134.4000,0.0000,0
1656,46842,13.8000,0.0000,99999.0000,0.0000,0
1657,5799,12.9000,2.0810,12.9000,0.0000,1
1658,45071,0.0000,0.0000,99999.0000,0.0000,1
1659,2234,0.1000,0.0000,99999.0000,0.0000,0
1660,9330,0.1000,0.0000,99999.0000,0.0000,0
1661,10641,0.0599,-94.8000,99999.0000,0.0000,1
1662,8693,9.7680,-1.9900,29.6000,0.0000,0
1663,6719,34.5800,-6.5400,104.8000,0.0000,0
1664,4007,0.1000,0.0000,99999.0000,0.0000,0
1665,46910,0.8000,0.0000,99999.0000,0.0000,0
1666,844,0.1000,0.0000,99999.0000,0.0000,0
1667,842,6.6000,0.0000,99999.0000,0.0000,0
1668,302,510.0000,-37.8000,510.0000,0.0000,1
1669,46887,3.8000,0.0000,99999.0000,0.0000,0
1670,47708,1.1000,0.0000,99999.0000,0.0000,0
1671,47761,23.7000,0.0000,99999.0000,0.0000,0
1672,7942,34.6500,-7.8000,105.0000,0.0000,0
1673,533,0.0000,-28.4000,99999.0000,0.0000,1
1674,6644,9.3060,-4.3300,28.2000,0.0000,0
1675,45078,0.0000,0.0000,99999.0000,0.0000,1
1676,5439,46.4300,-25.4000,140.7000,0.0000,0
1677,6648,28.6100,-7.9700,86.7000,0.0000,0
1678,2482,0.1000,0.0000,99999.0000,0.0000,0
1679,750,32.0000,-2.7600,34.0000,0.0000,1
1680,2471,0.1000,0.0000,99999.0000,0.0000,0
1681,47090,0.3000,0.0000,99999.0000,0.0000,0
1682,47687,0.2000,0.0000,99999.0000,0.0000,0
1683,907,70.0000,0.0000,80.0000,0.0000,1
1684,998,268.0000,-115.0000,268.0000,0.0000,1
1685,4377,1.0000,0.0000,99999.0000,0.0000,0
1686,2765,0.1000,0.0000,99999.0000,0.0000,0
1687,10482,0.1000,0.0000,99999.0000,0.0000,0
1688,6709,38.8000,-20.4000,117.6000,0.0000,0
1689,46866,0.6000,0.0000,99999.0000,0.0000,0
1690,8328,39.0000,-31.4000,118.2000,0.0000,0
1691,257,178.0000,-4.2100,180.0000,0.0000,1
1692,6379,55.3400,-23.4000,167.7000,0.0000,0
1693,48170,25.2400,-9.8200,76.5000,0.0000,0
1694,10121,97.2000,-3.0700,97.2000,0.0000,0
1695,47016,0.8000,0.0000,99999.0000,0.0000,0
1696,4203,0.0000,0.0000,99999.0000,0.0000,1
1697,4597,0.0000,0.0000,99999.0000,0.0000,1
1698,47081,11.1000,3.3000,99999.0000,0.0000,0
1699,804,258.9000,-52.6000,260.0000,0.0000,1
1700,811,0.0000,0.0000,99999.0000,0.0000,1
1701,4059,0.6000,0.0000,99999.0000,0.0000,0
1702,1767,8.2000,0.0000,99999.0000,0.0000,0
1703,1654,2.0000,0.0000,99999.0000,0.0000,0
1704,44697,8.0000,-0.1570,10.3000,0.0000,1
1705,8912,41.5800,-5.4500,126.0000,0.0000,0
1706,44922,13.7200,-9.2500,41.5800,0.0000,0
1707,9359,0.1000,0.0000,99999.0000,0.0000,0
1708,47294,1.6000,0.0000,99999.0000,0.0000,0
1709,7468,0.0000,0.0000,99999.0000,0.0000,1
1710,47006,0.7000,0.0000,99999.0000,0.0000,0
1711,44487,32.7300,-14.7000,99.2000,0.0000,0
1712,296,43.0000,-0.0680,56.0000,0.0000,1
1713,9334,0.1000,0.0000,99999.0000,0.0000,0
1714,9037,0.0000,0.0000,99999.0000,0.0000,1
1715,2355,0.1000,0.0000,99999.0000,0.0000,0
1716,9310,15.3000,0.0000,99999.0000,0.0000,0
1717,9401,0.1000,0.0000,99999.0000,0.0000,0
1718,1570,1.6000,0.0000,99999.0000,0.0000,0
1719,47164,5.0000,0.0000,99999.0000,0.0000,0
1720,6647,39.0700,-9.7800,118.4000,0.0000,0
1721,1073,0.0000,0.0000,99999.0000,0.0000,1
1722,2725,0.4000,0.0000,99999.0000,0.0000,0
1723,10181,0.4000,0.0000,99999.0000,0.0000,0
1724,3962,570.0000,70.6300,570.0000,0.0000,1
1725,46970,0.6000,0.0000,99999.0000,0.0000,0
1726,9388,0.5000,0.0000,99999.0000,0.0000,0
1727,7735,0.0000,0.0000,99999.0000,0.0000,1
1728,9338,0.6000,0.0000,99999.0000,0.0000,0
1729,1168,99.0000,-9.0400,103.6000,0.0000,1
1730,7464,0.0000,0.0000,99999.0000,0.0000,1
1731,47059,0.1000,0.0000,99999.0000,0.0000,0
1732,8868,0.0000,0.0000,99999.0000,0.0000,1
1733,406,0.0000,0.0000,99999.0000,0.0000,1
1734,9408,0.3000,0.0000,99999.0000,0.0000,0
1735,2487,0.6000,0.0000,99999.0000,0.0000,0
1736,7461,0.0000,0.0000,99999.0000,0.0000,1
1737,1496,140.0000,-31.8000,140.5400,0.0000,1
1738,8292,15.2200,-2.0900,46.1500,0.0000,0
1739,44695,8.0000,-0.3960,10.0000,0.0000,1
1740,5220,0.0000,0.0000,99999.0000,0.0000,1
1741,47309,9.2000,0.0000,99999.0000,0.0000,0
1742,47353,43.0600,-0.1650,130.5000,0.0000,0
1743,887,0.1000,0.0000,99999.0000,0.0000,0
1744,8871,8.0000,-0.3110,8.0000,0.0000,1
1745,9425,0.1000,0.0000,99999.0000,0.0000,0
1746,6108,16.5000,-1.2100,50.0000,0.0000,0
1747,47187,0.3000,0.0000,99999.0000,0.0000,0
1748,46924,1.4000,0.0000,99999.0000,0.0000,0
1749,47122,0.2000,0.0000,99999.0000,0.0000,0
1750,4804,112.0000,-7.8700,124.2000,0.0000,1
1751,890,0.1000,0.0000,99999.0000,0.0000,0
1752,870,0.5000,0.0000,99999.0000,0.0000,0
1753,8269,75.0000,-2.7000,123.3000,0.0000,1
1754,6150,48.1100,2.3580,145.8000,0.0000,0
1755,44533,40.0900,-4.0800,121.5000,0.0000,0
1756,46918,2.2000,0.0000,99999.0000,0.0000,0
1757,44911,30.4900,-19.1000,130.2000,0.0000,0
1758,6215,18.6100,-5.3700,56.4000,0.0000,0
1759,46986,7.0000,0.0000,99999.0000,0.0000,0
1760,6537,0.0000,21.1500,99999.0000,0.0000,1
1761,4140,0.0000,0.0000,99999.0000,0.0000,1
1762,9329,0.1000,0.0000,99999.0000,0.0000,0
1763,6768,21.4800,-2.3800,65.1000,0.0000,0
1764,47743,5.0000,0.0000,99999.0000,0.0000,0
1765,47000,2.8000,0.0000,99999.0000,0.0000,0
1766,47103,3.3000,0.0000,99999.0000,0.0000,0
1767,5864,0.0000,0.0000,99999.0000,0.0000,1
1768,46874,3.2000,0.0000,99999.0000,0.0000,0
1769,47316,0.8000,0.0000,99999.0000,0.0000,0
1770,47192,3.0000,0.0000,99999.0000,0.0000,0
1771,5178,0.0000,0.0000,99999.0000,0.0000,1
1772,45077,0.0000,0.0000,99999.0000,0.0000,1
1773,2712,0.1000,0.0000,99999.0000,0.0000,0
1774,45981,0.0000,0.0000,99999.0000,0.0000,1
1775,4425,14.3000,0.0000,99999.0000,0.0000,0
1776,862,2.6000,0.0000,99999.0000,0.0000,0
1777,47109,0.1000,0.0000,99999.0000,0.0000,0
1778,1371,45.0000,-0.7000,45.0000,0.0000,0
1779,47115,1.4000,0.0000,99999.0000,0.0000,0
1780,46853,2.0000,0.0000,99999.0000,0.0000,0
1781,46900,0.6000,0.0000,99999.0000,0.0000,0
1782,9356,352.8000,9.2130,352.8000,0.0000,1
1783,9377,0.5000,0.0000,99999.0000,0.0000,0
