ID_Barra,Tipo_Barra,Tensao_Mag_pu,Tensao_Ang_graus,P_Geracao_pu,Q_Geracao_pu,P_Carga_pu,Q_Carga_pu,Desvio_Tensao_QLIM_pu,Corte_Reativo_VLIM_pu
5002,1,0.44035911975867015,18.608888885017763,0.0,0.0,0.0,0.0,0.0,0.0
5008,1,0.44324424287932523,18.894391977690006,0.0,0.0,0.0,0.0,0.0,0.0
5019,1,0.4664787930816874,9.803939131321847,0.0,0.0,0.0,0.0,0.0,0.0
5020,1,0.9693188859018379,-1.8594885640329175,0.0,0.0,0.0,0.0,0.0,0.0
5034,1,0.986235354340149,7.4525160077332755,0.0,0.0,0.0,0.0,0.0,0.0
5035,1,0.9967431777009288,3.1467387249464336,0.0,0.0,0.0,0.0,0.0,0.0
5036,1,0.3555748342542148,28.59055938267759,0.0,0.0,0.0,0.0,0.0,0.0
5041,1,0.40278563669761897,14.549729547165377,0.0,0.0,0.0,0.0,0.0,0.0
5042,1,0.36304275809143927,26.972075353233553,0.0,0.0,0.0,0.0,0.0,0.0
5043,1,0.2336564471881299,32.138688221150026,0.0,0.0,0.0,0.0,0.0,0.0
5044,1,0.3544622229039142,36.305411393214335,0.0,0.0,-0.29600000000000004,0.0538,0.0,0.0
5068,1,1.0537275670373396,-0.9478032269364491,0.0,0.0,0.0,0.0,0.0,0.0
5069,1,1.053727567036672,-0.9478032269344752,0.0,0.0,0.0,0.0,0.0,0.0
5071,1,1.0572961730202073,-2.303148412023793,0.0,0.0,0.0,0.0,0.0,0.0
5073,1,1.054154863166696,-1.0596274276062372,0.0,0.0,0.032,0.015,0.0,0.0
5075,1,1.0471630003074495,1.2741510240388008,0.0,0.0,-0.12,0.044500000000000005,0.0,0.0
5078,1,0.1780739426381768,74.9065581718862,0.0,0.0,-0.315,0.0463,0.0,0.0
5079,1,1.0482213642584983,1.4540273475744063,0.0,0.0,-0.1,0.038,0.0,0.0
5081,1,0.9659940128217185,-11.305549472586007,0.0,0.0,0.0,0.0,0.0,0.0
5083,1,0.9589526081213173,-14.368809834014293,0.0,0.0,1.7310000000000003,0.37799999999999995,0.0,0.0
5124,1,-0.12824145556016014,260.5642362581031,0.0,0.0,-0.132,0.0025700000000000002,0.0,0.0
5126,1,0.3462154595620062,38.30563205936604,0.0,0.0,-0.327,0.0604,0.0,0.0
5127,1,0.43943327695958345,29.479584014904912,0.0,0.0,-0.218,0.0168,0.0,0.0
5128,1,0.5796737648490683,3.846846885570546,0.0,0.0,0.0,0.0,0.0,0.0
5168,1,0.4806030263876759,4.679606742951856,0.0,0.0,0.0,0.0,0.0,0.0
5169,1,-0.0021904556606491443,-1668.0042059000386,0.0,0.0,0.0,0.0,0.0,0.0
5170,1,0.985693976541525,8.340103107256892,0.0,0.0,-0.792,0.0978,0.0,0.0
5176,1,1.0131750216123208,-9.729429038431448,0.0,0.0,1.892,-0.215,0.0,0.0
5200,1,0.9558431407538215,-13.429224850538292,0.0,0.0,15.36,-4.89,0.0,0.0
5202,1,1.0554501581492968,-13.20861603743995,0.0,0.0,0.0,0.0,0.0,0.0
5211,1,1.0134840451857343,-20.745525720272074,0.0,0.0,0.0,0.0,0.0,0.0
5212,1,1.0127905484943478,-20.82122340028991,0.0,0.0,0.9878,0.07346,0.0,0.0
5213,1,1.081432833862621,-22.456983077890072,0.0,0.0,2.952,0.971,0.0,0.0
5214,1,1.0829208198146116,-22.533049008993395,0.0,0.0,0.0,0.0,0.0,0.0
5215,1,1.0829208198148363,-22.533049008981454,0.0,0.0,0.0,0.0,0.0,0.0
5216,1,1.096218631252354,-13.824619399775552,0.0,0.0,1.536,0.07609,0.0,0.0
5218,2,1.001000000023496,-20.74465599980341,1.7054508457183391e-12,-0.1542998426908298,0.0,0.0,0.0,0.0
5219,2,1.001000000023496,-20.74465599980341,1.7054508457183943e-12,-0.1542998426908298,0.0,0.0,0.0,0.0
5220,2,1.0140000000337752,-13.679936711357376,1.0880407050353972e-12,-1.2748775237446062,0.0,0.0,0.0,0.0
5222,1,1.0978602868492908,-13.679936711364848,0.0,0.0,5.082,-0.179,0.0,0.0
5226,1,1.835338816322288,-10.370239946541707,0.0,0.0,-0.23600000000000002,-0.001,0.0,0.0
5231,1,1.154006769598309,-12.484691623927974,0.0,0.0,0.0,0.0,0.0,0.0
5232,2,1.0340000000066234,-12.50527555032214,9.381214185153061e-13,-0.33281791384299547,0.0,0.0,0.0,0.0
5235,1,1.1975812196183842,-11.640480047046315,0.0,0.0,0.0,0.0,0.0,0.0
5236,1,1.1540067695981722,-12.484691623931452,0.0,0.0,0.0,0.0,0.0,0.0
5237,1,1.1261981104282213,-12.505275550348586,0.0,0.0,0.0,0.0,0.0,0.0
5238,1,1.0948178783560902,-12.5052755503376,0.0,0.0,0.0,0.0,0.0,0.0
5239,1,1.0851308152723411,-13.67993671136633,0.0,0.0,0.0,0.0,0.0,0.0
5240,2,1.0000000000032996,-7.991882650464045,4.370230173963169e-13,-0.7291331929958547,0.0,0.0,0.0,0.0
5241,1,1.050644525550248,-8.314877777513304,0.0,0.0,0.0,0.0,0.0,0.0
5242,2,1.0000000000032996,-7.991882650464045,4.3702301739637443e-13,-0.7291331929958547,0.0,0.0,0.0,0.0
5243,1,1.178760829915859,-10.756345473328032,0.0,0.0,1.6480000000000001,0.040999999999999995,0.0,0.0
5245,1,1.0331488908508815,-8.078599320709392,0.0,0.0,0.0,0.0,0.0,0.0
5246,1,1.376742408445182,-9.395732449449614,0.0,0.0,1.014,0.08,0.0,0.0
5247,1,1.874613947349579,-10.262071810788473,0.0,0.0,0.0,0.0,0.0,0.0
5248,1,1.8746139473496088,-10.262071810787534,0.0,0.0,0.0,0.0,0.0,0.0
5249,1,1.219567464892921,-13.509906426807031,0.0,0.0,0.0,0.0,0.0,0.0
5252,1,1.4378242796407323,-9.591146302377206,0.0,0.0,0.0,0.0,0.0,0.0
5253,1,1.8781880432335418,-10.244351244074617,0.0,0.0,0.0,0.0,0.0,0.0
5254,1,1.0958540270024981,-5.977394540028568,0.0,0.0,0.0,0.0,0.0,0.0
5255,1,1.3640556126120862,-8.536391582842386,0.0,0.0,0.0,0.0,0.0,0.0
5256,1,1.8781880432337348,-10.244351244071066,0.0,0.0,0.0,0.0,0.0,0.0
5257,1,1.3018564658280214,-8.443900584922568,0.0,0.0,0.0,0.0,0.0,0.0
5258,1,1.2566548839369942,-7.991882650478073,0.0,0.0,0.0,0.0,0.0,0.0
5259,1,1.8656254363235494,-10.286423718253344,0.0,0.0,0.0,0.0,0.0,0.0
5262,1,1.058681386765299,-2.1922185574860475,0.0,0.0,0.0,0.0,0.0,0.0
5263,1,1.0511334589262387,-2.431167004315222,0.0,0.0,0.34900000000000003,0.01,0.0,0.0
5264,1,1.8656254363235172,-10.286423718254364,0.0,0.0,0.0,0.0,0.0,0.0
5265,1,1.053367033001929,-2.1971421197413923,0.0,0.0,0.0,0.0,0.0,0.0
5267,1,1.053367033001929,-2.1971421197413923,0.0,0.0,0.0,0.0,0.0,0.0
5268,1,1.0533670330009322,-2.197142119740819,0.0,0.0,0.0,0.0,0.0,0.0
5269,1,1.0533670330009322,-2.197142119740819,0.0,0.0,0.0,0.0,0.0,0.0
5271,1,1.0225539487705242,-21.003476543729636,0.0,0.0,1.8969999999999998,0.1844,0.0,0.0
5272,1,1.0199596911632567,-20.8222165212347,0.0,0.0,0.0,0.0,0.0,0.0
5273,1,1.1060250913484255,-22.016234111032077,0.0,0.0,1.963,0.7390000000000001,0.0,0.0
5274,1,1.019959691163663,-20.822216521216014,0.0,0.0,0.0,0.0,0.0,0.0
5276,1,1.1886287421386341,-10.921204614261685,0.0,0.0,0.0,0.0,0.0,0.0
5277,1,1.1886287421387507,-10.921204614259487,0.0,0.0,0.0,0.0,0.0,0.0
5285,1,1.007727447422614,-9.339648767351399,0.0,0.0,0.0,0.0,0.0,0.0
5286,1,1.0077274474222966,-9.339648767353667,0.0,0.0,0.0,0.0,0.0,0.0
5287,1,0.9509556988178841,-9.752492376089402,0.0,0.0,0.0,0.0,0.0,0.0
5288,1,0.9509556988182744,-9.752492376085248,0.0,0.0,0.0,0.0,0.0,0.0
5299,1,0.9779924816616687,11.66062972661802,0.0,0.0,-0.516,0.032,0.0,0.0
5315,1,1.5231068867957058,-6.914335188952869,0.0,0.0,-0.324,0.1,0.0,0.0
5318,1,1.0151776651503133,-9.602012292039833,0.0,0.0,1.47,-0.36700000000000005,0.0,0.0
5320,1,0.950925969827823,-4.474475488394497,0.0,0.0,-0.084,0.0101,0.0,0.0
5337,1,0.9967281742258131,3.134482593028191,0.0,0.0,0.0,0.0,0.0,0.0
5350,1,0.8412854141561207,3.6662685050030914,0.0,0.0,0.0,0.0,0.0,0.0
5351,1,0.8995538262645557,6.066758918612313,0.0,0.0,0.0,0.0,0.0,0.0
5352,1,0.9743388530537405,6.925159115037984,0.0,0.0,0.0,0.0,0.0,0.0
5353,1,0.9703871850569395,8.410580034724466,0.0,0.0,0.0,0.0,0.0,0.0
5370,1,1.002986803539835,-8.236348007929648,0.0,0.0,0.0,0.0,0.0,0.0
5371,1,0.9630599422999092,-6.342492556622786,0.0,0.0,0.0,0.0,0.0,0.0
5373,1,0.9685827646703931,-2.0765463875816637,0.0,0.0,0.0,0.0,0.0,0.0
5374,1,0.976154234227756,-0.5363473297884913,0.0,0.0,-0.192,0.0163,0.0,0.0
5376,1,0.9604000597236139,3.9007138005087114,0.0,0.0,0.0,0.0,0.0,0.0
5377,1,0.9604000597250199,3.90071380048313,0.0,0.0,0.0,0.0,0.0,0.0
5378,1,1.0178800447383045,-16.828285256383577,0.0,0.0,2.092,-0.14,0.0,0.0
5380,1,1.0244703681414107,-9.883044192615257,0.0,0.0,12.24,-3.0,0.0,0.0
5381,1,0.9885190729558578,-9.663845651636858,0.0,0.0,0.0,0.0,0.0,0.0
5383,1,0.9754503038127966,-11.269200536134878,0.0,0.0,1.8689999999999998,0.953,0.0,0.0
5386,1,1.0295243745170668,-14.194055918796188,0.0,0.0,0.0,0.0,0.0,0.0
5387,1,1.030193581096537,-14.16817511090009,0.0,0.0,0.0,0.0,0.0,0.0
5388,1,1.0301935810965037,-14.168175110894023,0.0,0.0,0.0,0.0,0.0,0.0
5394,1,0.9640299896755754,7.544879973743253,0.0,0.0,0.0,0.0,0.0,0.0
5407,1,1.429066616629757,4.182362834700223,0.0,0.0,0.0,0.0,0.0,0.0
5408,1,1.0256648564199218,-9.846880993959635,0.0,0.0,0.0,0.0,0.0,0.0
5409,1,1.023275559592264,-10.464819447913204,0.0,0.0,0.0,0.0,0.0,0.0
5410,1,1.057684612318131,-8.832218923639635,0.0,0.0,0.0,0.0,0.0,0.0
5411,1,1.0708842753866286,-8.832218923645172,0.0,0.0,-0.233,0.01135,0.0,0.0
5412,1,1.0501365430308895,-10.46481944792275,0.0,0.0,0.0,0.0,0.0,0.0
5413,1,1.0617010281080301,-10.387829683067558,0.0,0.0,0.8619999999999999,0.35700000000000004,0.0,0.0
5414,1,1.0554279555343058,-10.463854180211612,0.0,0.0,0.0,0.0,0.0,0.0
5415,1,1.0417549221813354,-10.463854180202283,0.0,0.0,0.0,0.0,0.0,0.0
5416,1,1.055595561405535,-12.38398600067031,0.0,0.0,0.10300000000000001,0.057999999999999996,0.0,0.0
5417,1,1.068195602111783,-12.261261266455174,0.0,0.0,0.0,0.0,0.0,0.0
5418,1,1.061510250875196,-10.464819447930543,0.0,0.0,0.0,0.0,0.0,0.0
5419,1,1.06117583831689,-10.463854180219311,0.0,0.0,0.0,0.0,0.0,0.0
5421,1,1.107129185824778,-3.801917901727554,0.0,0.0,0.0,0.0,0.0,0.0
5422,1,1.0943838442262708,-6.599307254725928,0.0,0.0,0.142,0.028999999999999998,0.0,0.0
5423,1,1.096535145359984,-5.519790504164565,0.0,0.0,0.784,0.217,0.0,0.0
5424,1,1.0865387802414588,-7.091519904530868,0.0,0.0,0.0,0.0,0.0,0.0
5425,1,1.462408403300152,4.366049400304059,0.0,0.0,0.0,0.0,0.0,0.0
5426,1,1.096921870233519,-7.115925586745188,0.0,0.0,0.022000000000000002,0.006999999999999999,0.0,0.0
5427,1,1.4624084033003588,4.366049400298128,0.0,0.0,0.0,0.0,0.0,0.0
5428,1,0.9450852143836306,-5.642460381016021,0.0,0.0,0.0,0.0,0.0,0.0
5429,1,1.4290666166296468,4.182362834703098,0.0,0.0,0.0,0.0,0.0,0.0
5431,1,1.009412137159029,1.6377676406706063,0.0,0.0,0.0,0.0,0.0,0.0
5433,1,1.0851750581471267,-0.34003366719510114,0.0,0.0,1.006,0.196,0.0,0.0
5434,1,1.00985143833725,2.9012187241460916,0.0,0.0,0.0,0.0,0.0,0.0
5438,1,1.0019653824382964,5.283663780049568,0.0,0.0,0.0,0.0,0.0,0.0
5439,1,1.0008582715637637,6.27739675692739,0.0,0.0,-0.42200000000000004,0.14300000000000002,0.0,0.0
5441,1,0.973921551157687,4.352944503713012,0.0,0.0,0.0,0.0,0.0,0.0
5442,1,1.0139309492487145,3.1774097225731617,0.0,0.0,0.0,0.0,0.0,0.0
5443,2,1.0110000000509987,3.2599679656046883,1.1619999999992243,1.2525898351539193,2.314,0.037000000000000005,0.0,0.0
5444,1,1.01450332467078,3.17687844753652,0.0,0.0,0.0,0.0,0.0,0.0
5445,1,1.0007011540041422,3.176878447524443,0.0,0.0,0.0,0.0,0.0,0.0
5448,1,0.9443140738364622,-5.105327707143377,0.0,0.0,0.0,0.0,0.0,0.0
5449,1,0.956098069144984,-7.101453006048387,0.0,0.0,0.0,0.0,0.0,0.0
5451,1,0.9753007070242461,-8.50523841279104,0.0,0.0,0.0,0.0,0.0,0.0
5452,1,0.9745791600107462,-10.227060596275921,0.0,0.0,0.0,0.0,0.0,0.0
5453,1,1.025980658638508,-13.854275677840027,0.0,0.0,2.4400000000000004,0.759,0.0,0.0
5456,1,1.029524374517048,-14.194055918793271,0.0,0.0,0.0,0.0,0.0,0.0
5457,1,1.0295243745170037,-14.194055918786566,0.0,0.0,0.0,0.0,0.0,0.0
5458,1,0.9744620943793739,-10.221826804318457,0.0,0.0,0.0,0.0,0.0,0.0
5459,1,1.0031777100120483,10.713691898636739,0.0,0.0,-0.455,0.0,0.0,0.0
5460,2,1.0260000000555254,-13.854275677625614,3.769934190800545e-13,1.9844293862060822,0.0,0.0,0.0,0.0
5461,1,0.9602950886683893,4.915038412118984,0.0,0.0,0.0,0.0,0.0,0.0
5462,1,0.9656036399782225,4.870165603765938,0.0,0.0,0.0,0.0,0.0,0.0
5463,1,1.419196452685819,4.192802484015625,0.0,0.0,0.5199999999999999,-0.013999999999999999,0.0,0.0
5466,2,1.0040000000235856,4.870165603757409,-8.453034339865311e-13,0.45156314263148895,0.0,0.0,0.0,0.0
5468,1,0.9537567917868488,5.593694672302122,0.0,0.0,0.201,-0.005,0.0,0.0
5470,1,0.968156901535108,7.359018156757191,0.0,0.0,0.0,0.0,0.0,0.0
5471,1,0.9735967807193219,-10.398391203739793,0.0,0.0,0.0,0.0,0.0,0.0
5472,1,0.9428553939890039,-2.2668958282938014,0.0,0.0,-0.085,0.0167,0.0,0.0
5473,1,0.9645069064493482,-12.696678574418137,0.0,0.0,1.1989999999999998,0.36200000000000004,0.0,0.0
5474,1,0.9504213348880713,4.765820620949401,0.0,0.0,0.0,0.0,0.0,0.0
5475,1,0.9604690393577925,3.9685854069714237,0.0,0.0,0.098,0.006,0.0,0.0
5476,1,0.9604000597250199,3.90071380048313,0.0,0.0,0.0,0.0,0.0,0.0
5477,1,0.9293946474212718,9.499585426932537,0.0,0.0,0.0,0.0,0.0,0.0
5478,1,0.9604000597236139,3.9007138005087114,0.0,0.0,0.0,0.0,0.0,0.0
5480,1,1.0094773882117407,-9.335113317672992,0.0,0.0,0.0,0.0,0.0,0.0
5481,1,0.9507637808581296,-10.203357034585055,0.0,0.0,0.0,0.0,0.0,0.0
5482,1,0.9566426365826839,-15.921052017005177,0.0,0.0,0.0,0.0,0.0,0.0
5483,1,0.9640352759103784,-13.936908685799477,0.0,0.0,1.885,0.20800000000000002,0.0,0.0
5484,1,0.9643167362220045,-15.923531541428913,0.0,0.0,0.0,0.0,0.0,0.0
5485,1,0.9825330230128367,-15.922960615438626,0.0,0.0,0.0,0.0,0.0,0.0
5486,1,0.9534801136582503,-9.20635559209802,0.0,0.0,0.0,0.0,0.0,0.0
5487,1,0.9722873245393672,-15.921666013047417,0.0,0.0,0.0,0.0,0.0,0.0
5488,1,0.951078522020536,-9.630720029266518,0.0,0.0,0.0,0.0,0.0,0.0
5489,1,0.9476723707344122,-7.080394169729949,0.0,0.0,0.0,0.0,0.0,0.0
5518,1,0.9798987636666145,7.144040195339924,0.0,0.0,0.0,0.0,0.0,0.0
5519,1,0.9995321454094341,9.832849919313238,0.0,0.0,0.0,0.0,0.0,0.0
5527,1,0.953408554001557,-9.230868622939463,0.0,0.0,0.0,0.0,0.0,0.0
5536,1,0.9416181870529646,-5.148090109332524,0.0,0.0,0.0,0.0,0.0,0.0
5537,1,0.9564262055080832,-7.635249412835057,0.0,0.0,0.0,0.0,0.0,0.0
5611,1,1.182628579454886,-15.261981064523818,0.0,0.0,0.08585000000000001,-0.0361,0.0,0.0
5612,1,0.968749875740931,-0.11486836071372676,0.0,0.0,-0.29100000000000004,0.0353,0.0,0.0
5613,1,1.2525507319894058,-16.08703926917578,0.0,0.0,0.305,-0.011000000000000001,0.0,0.0
5621,1,1.4968876428249902,-9.02113698609278,0.0,0.0,0.0,0.0,0.0,0.0
5623,1,1.7146979018401354,-8.576565109411773,0.0,0.0,0.785,0.55,0.0,0.0
5624,1,1.7316041904632942,-8.545747578513254,0.0,0.0,0.0,0.0,0.0,0.0
5625,1,1.7316041904634834,-8.545747578511472,0.0,0.0,0.0,0.0,0.0,0.0
5626,1,1.7242022334257696,-8.559165706190834,0.0,0.0,0.0,0.0,0.0,0.0
5627,1,1.7242022334258222,-8.559165706190338,0.0,0.0,0.0,0.0,0.0,0.0
5631,1,1.3482784226931586,-8.398400742466858,0.0,0.0,0.0,0.0,0.0,0.0
5633,1,1.904867228489068,-9.471709703051319,0.0,0.0,0.0,0.0,0.0,0.0
5641,1,0.9615417671263725,-11.490720208881067,0.0,0.0,0.0,0.0,0.0,0.0
5643,1,0.9727993724309927,-15.034621777045038,0.0,0.0,2.275,0.6709999999999999,0.0,0.0
5651,1,0.9681537954519189,-10.681058567437987,0.0,0.0,0.0,0.0,0.0,0.0
5653,1,0.9623193515271962,-13.96994816788401,0.0,0.0,1.455,0.314,0.0,0.0
5656,1,0.967022151203559,-6.343237024447096,0.0,0.0,0.0,0.0,0.0,0.0
5658,2,0.9950000000212115,-6.3531526283468525,9.264556009008114e-14,0.8764001379795966,0.0,0.0,0.0,0.0
5659,2,0.9950000000212141,-6.353153877164771,9.264505049462866e-14,0.8765105159451023,0.0,0.0,0.0,0.0
5660,2,1.0170000000057888,-10.681058567429224,3.150161975801351e-13,0.20785184113626945,0.0,0.0,0.0,0.0
5690,1,0.9636208640752749,-6.25950605879505,0.0,0.0,1.66,0.546,0.0,0.0
5702,1,0.979204110088802,-3.7680999281754004,0.0,0.0,-0.486,0.00658,0.0,0.0
5745,1,0.9781102047931634,9.386799968826162,0.0,0.0,0.0,0.0,0.0,0.0
5746,3,0.9950000000325051,1.2988473111636228e-11,4.479965289401824,1.5829599707647857,0.0,0.0,0.0,0.0
5799,2,1.0030000000011352,-0.6382776162753888,0.14200000000001445,0.06621427559554238,0.0,0.0,0.0,0.0
5814,1,0.5576888014069409,14.396070608304118,0.0,0.0,0.0,0.0,0.0,0.0
5816,1,0.5505186084501779,17.574251864525415,0.0,0.0,0.0,0.0,0.0,0.0
5836,1,0.9919465920665026,-17.241975833004048,0.0,0.0,0.0,0.0,0.0,0.0
5837,1,1.013183624323086,-20.47536075935442,0.0,0.0,2.625,0.1805,0.0,0.0
5838,1,1.0571194912429005,-20.887743868205373,0.0,0.0,0.20600000000000002,0.061,0.0,0.0
5841,1,0.975803169311297,-8.230188580052408,0.0,0.0,0.0,0.0,0.0,0.0
5853,1,0.948634011225114,-9.546443187215036,0.0,0.0,0.0,0.0,0.0,0.0
5855,1,0.9390883621324992,-13.295050315067513,0.0,0.0,1.9,0.621,0.0,0.0
5878,1,1.002831262224244,-15.662470840581117,0.0,0.0,0.0,0.0,0.0,0.0
5900,1,-0.43095332215243876,-169.8100634645999,0.0,0.0,-0.166,0.259,0.0,0.0
5901,1,0.9682977747648371,11.345194867197723,0.0,0.0,-0.09300000000000001,0.0139,0.0,0.0
5913,1,0.5690714539797881,15.894864123366,0.0,0.0,-0.315,0.047,0.0,0.0
5914,1,1.34606606130855,-7.009460867771834,0.0,0.0,-0.31,0.21899999999999997,0.0,0.0
5916,1,0.7787863681927762,14.02634747371778,0.0,0.0,-0.38299999999999995,0.1,0.0,0.0
5917,1,0.9545806601798115,-9.396595590880136,0.0,0.0,0.0,0.0,0.0,0.0
5923,1,0.9535507310597798,-9.22251609650849,0.0,0.0,0.0,0.0,0.0,0.0
5924,1,0.9351753245394884,-0.2668380098965787,0.0,0.0,0.0,0.0,0.0,0.0
5925,1,0.9190298072089582,1.55245698153884,0.0,0.0,0.0,0.0,0.0,0.0
5926,1,0.8822000256996563,-6.1565218975416505,0.0,0.0,0.0,0.0,0.0,0.0
5929,1,1.0821144912844196,-0.2668380098979393,0.0,0.0,0.0,0.0,0.0,0.0
5935,1,1.014779679566442,10.840853456131892,0.0,0.0,-0.9279999999999999,0.325,0.0,0.0
5938,1,0.9601959865692289,-2.1635226904363707,0.0,0.0,-0.648,0.028399999999999998,0.0,0.0
5958,1,1.5000698684109615,-8.80506989975863,0.0,0.0,0.0,0.0,0.0,0.0
5959,1,1.5234339931967469,-7.406604182768006,0.0,0.0,0.0,0.0,0.0,0.0
5960,1,0.3848289547639721,8.289127468157579,0.0,0.0,0.0,0.0,0.0,0.0
5962,1,0.34945256314582224,10.076744206673862,0.0,0.0,0.0,0.0,0.0,0.0
5966,1,-0.19679018065638207,205.74283222724006,0.0,0.0,0.0,0.0,0.0,0.0
5967,1,0.3268160889863678,21.264525680278474,0.0,0.0,0.0,0.0,0.0,0.0
5968,1,0.32429587355362854,32.537114225902386,0.0,0.0,-0.113,0.00506,0.0,0.0
5989,1,0.403875214270651,7.803731697033899,0.0,0.0,0.0,0.0,0.0,0.0
5990,1,1.92329036989462e-12,-42.425327027215765,0.0,0.0,0.0,0.0,0.0,0.0
5992,1,-0.19081565697195135,209.0551986746253,0.0,0.0,0.0,0.0,0.0,0.0
5999,1,-3.8427058635407355e-9,-390.6528612476408,0.0,0.0,-0.151,0.00268,0.0,0.0
6011,1,0.9561429901297285,-9.159556428415303,0.0,0.0,-0.624,0.16510000000000002,0.0,0.0
6013,1,0.9507177320536835,-9.71098760124064,0.0,0.0,0.44000000000000006,0.077,0.0,0.0
6016,1,0.9429657835892127,-7.167509922938708,0.0,0.0,-0.046,0.0116,0.0,0.0
6030,1,0.9580957568172259,10.778662134461703,0.0,0.0,-0.078,0.028300000000000002,0.0,0.0
6031,1,0.9303665138021,10.5770441485776,0.0,0.0,-0.205,0.018000000000000002,0.0,0.0
6032,1,0.9711811803993284,8.176159507627757,0.0,0.0,0.0,0.0,0.0,0.0
6033,1,0.9454710430519684,10.275711254581367,0.0,0.0,0.0,0.0,0.0,0.0
6034,1,0.9453753216459748,10.336949451264099,0.0,0.0,0.0,0.0,0.0,0.0
6035,1,0.9539330467169014,11.305089791201034,0.0,0.0,-0.175,-0.05058,0.0,0.0
6036,1,0.9532163507540309,11.288619439008247,0.0,0.0,-0.18,-0.061509999999999995,0.0,0.0
6037,1,0.9379654121261255,-3.7659058831579215,0.0,0.0,-0.315,0.12,0.0,0.0
6038,1,0.9352464525330948,-3.8578523456569345,0.0,0.0,-0.163,0.0579,0.0,0.0
6040,1,0.9798835642236774,6.764604931522743,0.0,0.0,0.0,0.0,0.0,0.0
6041,1,0.9581322575612085,8.593137460942476,0.0,0.0,0.0,0.0,0.0,0.0
6042,1,0.9599766227912079,9.47735942619833,0.0,0.0,-0.081,-0.001201,0.0,0.0
6043,1,0.959272927685463,9.674311557097448,0.0,0.0,-0.069,0.00509,0.0,0.0
6051,1,0.9402767253276523,-6.436427513674007,0.0,0.0,-0.152,0.0379,0.0,0.0
6052,1,0.43265766903586983,-690.6958859522636,0.0,0.0,-0.21,0.0265,0.0,0.0
6053,1,1.0018503448392453,6.75540391229396,0.0,0.0,-0.18899999999999997,0.0371,0.0,0.0
6057,1,0.9644653180452075,10.668050993575537,0.0,0.0,-0.27899999999999997,0.0741,0.0,0.0
6058,1,0.9678050885812411,9.390605018103157,0.0,0.0,0.0,0.0,0.0,0.0
6059,1,0.974198645507215,7.41185143495231,0.0,0.0,0.0,0.0,0.0,0.0
6065,1,1.0473665070040634,1.4982496792075115,0.0,0.0,-0.168,0.0766,0.0,0.0
6066,1,0.9439322376145336,-4.856268829930781,0.0,0.0,-0.28800000000000003,0.106,0.0,0.0
6091,1,0.9385812131381417,2.9677240444704367,0.0,0.0,0.0,0.0,0.0,0.0
6093,1,0.9447654452171196,1.9673541908788343,0.0,0.0,0.24,0.004,0.0,0.0
6101,1,0.4536917456513393,7.717223160848179,0.0,0.0,0.0,0.0,0.0,0.0
6103,1,0.3389458191255858,16.784646749894147,0.0,0.0,0.0,0.0,0.0,0.0
6105,1,0.21176102205779365,67.39511684505132,0.0,0.0,-0.324,0.0416,0.0,0.0
6106,1,1.0020347976281754,5.808751444832003,0.0,0.0,-0.29600000000000004,0.11599999999999999,0.0,0.0
6108,1,1.047732158093049,1.3991678218563977,0.0,0.0,-0.1,0.0329,0.0,0.0
6112,1,0.9475158620814625,-9.629192150529436,0.0,0.0,0.40399999999999997,0.028999999999999998,0.0,0.0
6114,1,0.9444269048246344,-5.391251237254079,0.0,0.0,-0.09,0.0154,0.0,0.0
6127,1,-5.175693422119629e-6,-2463.807653207066,0.0,0.0,-0.231,0.00407,0.0,0.0
6129,1,-0.07747355294168358,-447.6566107367072,0.0,0.0,-0.18,-0.00374,0.0,0.0
6130,1,0.7222946640170284,-2.0783714398635937,0.0,0.0,0.0,0.0,0.0,0.0
6131,1,0.9429765718126826,-6.851785963382071,0.0,0.0,0.0,0.0,0.0,0.0
6132,1,0.7650444921921878,-3.4279288264462333,0.0,0.0,0.0,0.0,0.0,0.0
6133,1,1.1735905064826315,-8.898463882954061,0.0,0.0,1.348,0.17800000000000002,0.0,0.0
6136,1,4.484762470864612e-6,212.68617340472107,0.0,0.0,-0.036000000000000004,0.0002,0.0,0.0
6140,1,0.6356507159349484,2.285976030263693,0.0,0.0,0.0,0.0,0.0,0.0
6141,1,0.5878146632431633,4.094036711973558,0.0,0.0,0.0,0.0,0.0,0.0
6142,1,-0.0030830604899522358,-113.463530296555,0.0,0.0,0.0,0.0,0.0,0.0
6143,1,0.5635940510016891,10.639760521205137,0.0,0.0,0.0,0.0,0.0,0.0
6145,1,0.5391333429180067,25.101824444848855,0.0,0.0,-0.18,0.0245,0.0,0.0
6146,1,0.9438873812866918,-6.106153734491928,0.0,0.0,0.0,0.0,0.0,0.0
6149,1,0.9362740579534246,-3.467159606244567,0.0,0.0,0.0,0.0,0.0,0.0
6150,1,0.9394057587178823,-2.095974956357411,0.0,0.0,-0.43700000000000006,0.00462,0.0,0.0
6160,1,0.548638525498812,23.934392053778303,0.0,0.0,-0.435,0.049699999999999994,0.0,0.0
6164,1,0.04124022136989873,505.3114332765302,0.0,0.0,-0.45,-0.009564,0.0,0.0
6165,1,3.281043632293442e-6,-1212.0343891056955,0.0,0.0,-0.28800000000000003,0.00039,0.0,0.0
6166,1,-0.13953508339185278,259.07792723951354,0.0,0.0,-0.165,0.00521,0.0,0.0
6167,1,-0.06548852437353811,3810.9329681940785,0.0,0.0,-0.11,-0.024089999999999997,0.0,0.0
6168,1,1.28827870541575e-8,-201.25975247111867,0.0,0.0,0.0,0.0,0.0,0.0
6184,1,0.459559952878482,6.660581826287879,0.0,0.0,0.0,0.0,0.0,0.0
6210,1,0.49513709192055244,8.526592378280085,0.0,0.0,0.0,0.0,0.0,0.0
6211,1,0.4240734568871585,17.672627411204722,0.0,0.0,0.0,0.0,0.0,0.0
6212,1,-1.1851444284133632e-11,-887.4096707101105,0.0,0.0,0.0,0.0,0.0,0.0
6213,1,3.3729577216766154e-9,-3023.2957827045566,0.0,0.0,-0.12,0.0338,0.0,0.0
6214,1,0.35127588637141166,46.583424099368216,0.0,0.0,-0.38799999999999996,0.0797,0.0,0.0
6215,1,0.5428938704467826,22.500443707737144,0.0,0.0,-0.16899999999999998,0.0339,0.0,0.0
6246,1,0.5883277431641154,2.391260838885728,0.0,0.0,0.0,0.0,0.0,0.0
6247,1,0.5883277431670004,2.3912608388459904,0.0,0.0,0.0,0.0,0.0,0.0
6386,1,0.9746537906945647,0.2012955597917019,0.0,0.0,-0.179,0.0192,0.0,0.0
6519,1,0.23625221944211938,20.16342077512878,0.0,0.0,0.0,0.0,0.0,0.0
6530,1,0.9558215103913974,-9.033190465585054,0.0,0.0,0.0,0.0,0.0,0.0
6533,1,0.944234476232981,-7.098015062681442,0.0,0.0,0.0,0.0,0.0,0.0
6540,1,0.9488442307187908,-7.920507435262738,0.0,0.0,0.0,0.0,0.0,0.0
6550,1,0.9411351929452086,-6.301589536487659,0.0,0.0,-0.109,0.0364,0.0,0.0
6576,1,0.967340948243353,9.412031931158227,0.0,0.0,0.0,0.0,0.0,0.0
6616,1,0.9563589107788167,-7.558624133684853,0.0,0.0,0.0,0.0,0.0,0.0
6618,1,0.946198432821071,-7.229986304687796,0.0,0.0,-0.063,0.0231,0.0,0.0
6619,1,0.11124880012076735,65.01845057649632,0.0,0.0,-0.195,0.08689999999999999,0.0,0.0
6636,1,0.9477275274902371,-4.459427418727358,0.0,0.0,-0.33299999999999996,0.152,0.0,0.0
6642,1,0.9639110622194724,10.707584294257082,0.0,0.0,-0.297,0.07400000000000001,0.0,0.0
6644,1,0.561253864844635,21.054233665918836,0.0,0.0,-0.084,0.00356,0.0,0.0
6649,1,0.9540787666406956,-8.250628166037187,0.0,0.0,0.0,0.0,0.0,0.0
6650,1,0.9504799704351214,-5.803168899152727,0.0,0.0,0.0,0.0,0.0,0.0
6653,1,0.9741310222245488,9.10684805710091,0.0,0.0,-0.27,0.0354,0.0,0.0
6655,1,0.9475675241252851,-6.125043539643158,0.0,0.0,0.0,0.0,0.0,0.0
6659,1,0.937912237152628,6.4713197023095494,0.0,0.0,-0.29600000000000004,0.113,0.0,0.0
6676,1,0.9481132637376096,-7.500630032313092,0.0,0.0,0.0,0.0,0.0,0.0
6678,1,0.9899728025796695,-14.369527010995544,0.0,0.0,-0.159,0.17600000000000002,0.0,0.0
6684,1,0.9449675650382448,2.1491868771349965,0.0,0.0,0.0,0.0,0.0,0.0
6685,1,0.944967565038978,2.149186877121275,0.0,0.0,0.0,0.0,0.0,0.0
6688,1,0.9661226109395451,11.89518950914772,0.0,0.0,-0.081,0.0121,0.0,0.0
6689,1,0.3284556854837516,17.702988947432683,0.0,0.0,0.0,0.0,0.0,0.0
6690,1,0.32845568548503945,17.70298894707882,0.0,0.0,0.0,0.0,0.0,0.0
6692,1,0.9476837206644055,-5.5126642040065335,0.0,0.0,0.0,0.0,0.0,0.0
6693,1,0.9410996463205652,-3.645395433131905,0.0,0.0,-0.14400000000000002,0.0393,0.0,0.0
6734,1,0.9393949326546733,3.2304136153758445,0.0,0.0,0.0,0.0,0.0,0.0
6735,1,0.9392245755634209,5.362619417045802,0.0,0.0,0.0,0.0,0.0,0.0
6742,1,-0.400686521160106,-4478.139454649884,0.0,0.0,-0.18,0.0028000000000000004,0.0,0.0
6751,1,0.7784439887227248,13.813948279596676,0.0,0.0,-0.395,0.0815,0.0,0.0
6759,1,0.9706377381084617,-3.969506288296248,0.0,0.0,0.0,0.0,0.0,0.0
6760,1,0.9711406244035827,-4.393094394089725,0.0,0.0,0.0,0.0,0.0,0.0
6761,1,0.9687041627043126,-2.135766262688949,0.0,0.0,0.0,0.0,0.0,0.0
6762,1,0.9694592672998642,-2.15336526959896,0.0,0.0,0.0,0.0,0.0,0.0
6763,1,-5.902302875155175e-6,128.58063097265787,0.0,0.0,-0.09,0.025699999999999997,0.0,0.0
6764,1,0.9634743981174643,-6.254093385633301,0.0,0.0,0.0,0.0,0.0,0.0
6765,1,0.9649363230095864,-3.999685436545871,0.0,0.0,0.0,0.0,0.0,0.0
6766,1,0.9575840116439575,-7.0024950270110145,0.0,0.0,0.0,0.0,0.0,0.0
6767,1,0.948542861770361,-4.709158528726124,0.0,0.0,0.0,0.0,0.0,0.0
6768,1,0.94563667866571,-3.6580778969603074,0.0,0.0,-0.195,0.0547,0.0,0.0
6769,1,5.7929713353593674e-6,-1617.0762025117244,0.0,0.0,0.0,0.0,0.0,0.0
6770,1,0.9714272660409512,-3.6397344858193135,0.0,0.0,0.0,0.0,0.0,0.0
6775,1,-7.71461274584599e-6,-7591.100176720883,0.0,0.0,-0.282,0.26,0.0,0.0
6776,1,0.03233907134917726,-3091.733845565697,0.0,0.0,-0.162,-0.01088,0.0,0.0
6777,1,0.9662501560117835,-3.0177470634053956,0.0,0.0,-0.17,0.00657,0.0,0.0
6779,1,0.9682414187257926,-1.5537176118141849,0.0,0.0,0.0,0.0,0.0,0.0
6780,1,0.9691874402350141,-1.7087752594540193,0.0,0.0,0.0,0.0,0.0,0.0
6781,1,0.9684654125252024,-1.1733720667127359,0.0,0.0,-0.245,0.033,0.0,0.0
6782,1,0.9760554654679294,-0.6635695833132118,0.0,0.0,-0.245,0.0226,0.0,0.0
6783,1,0.6755106356859298,4.2210609655163225,0.0,0.0,0.0,0.0,0.0,0.0
6790,1,0.6409575051898836,6.761812124616535,0.0,0.0,0.0,0.0,0.0,0.0
6791,1,0.6401563128096378,11.003246563797939,0.0,0.0,-0.18899999999999997,0.0444,0.0,0.0
6792,1,0.9500255265803711,-4.738685521465582,0.0,0.0,0.0,0.0,0.0,0.0
6793,1,0.9494407959885723,-2.865687064545567,0.0,0.0,-0.226,0.0541,0.0,0.0
7033,1,0.7731262093038362,-3.4279288264447154,0.0,0.0,0.0,0.0,0.0,0.0
7039,1,1.224576390274067,-13.679936711359547,0.0,0.0,0.0,0.0,0.0,0.0
7040,1,1.224576390274067,-13.679936711359547,0.0,0.0,0.0,0.0,0.0,0.0
7041,1,1.0503299394994545,-8.83221892363755,0.0,0.0,0.0,0.0,0.0,0.0
7042,1,1.050323003419649,-8.832218923637525,0.0,0.0,0.0,0.0,0.0,0.0
7069,1,1.0867561895963014,2.2018693705746855,0.0,0.0,-0.69,0.152,0.0,0.0
7108,1,0.5099922473922035,3.863140707072057,0.0,0.0,0.0,0.0,0.0,0.0
7109,1,-0.4187380011861848,-169.04249995225044,0.0,0.0,-0.17300000000000001,0.26899999999999996,0.0,0.0
7114,1,0.5601228462945328,0.6917577458866718,0.0,0.0,0.0,0.0,0.0,0.0
7115,1,0.5028512441971684,4.540420768679381,0.0,0.0,0.0,0.0,0.0,0.0
7116,1,0.5091225427826528,4.315493206722436,0.0,0.0,0.0,0.0,0.0,0.0
7117,1,-0.40912449190159483,-168.2022786390566,0.0,0.0,-0.145,0.23,0.0,0.0
7118,1,-0.4201566135528666,-888.9291005722642,0.0,0.0,-0.138,0.21899999999999997,0.0,0.0
7151,1,0.989978863297623,-14.36917623920257,0.0,0.0,-0.06,0.0,0.0,0.0
7182,1,0.9010085746329729,4.754199020144086,0.0,0.0,0.21700000000000003,-0.006,0.0,0.0
7184,1,1.0145506799079012,3.6332020708420725,0.0,0.0,0.0,0.0,0.0,0.0
7185,1,1.001143469573288,5.622205571119431,0.0,0.0,0.0,0.0,0.0,0.0
7199,1,0.974642657212826,0.03742470339613313,0.0,0.0,-0.165,0.0183,0.0,0.0
7230,1,0.9183096729285558,6.408492105122714,0.0,0.0,0.0,0.0,0.0,0.0
7231,1,0.9578660230260727,-14.711371974658055,0.0,0.0,0.0,0.0,0.0,0.0
7232,1,0.957866023026639,-14.711371974648262,0.0,0.0,0.0,0.0,0.0,0.0
7233,1,0.9578660230260727,-14.711371974658055,0.0,0.0,0.0,0.0,0.0,0.0
7234,1,0.957866023026639,-14.711371974648262,0.0,0.0,0.0,0.0,0.0,0.0
7277,1,0.8982520274883747,15.612271793306693,0.0,0.0,-0.7070000000000001,-0.02062,0.0,0.0
7278,1,0.8956490513851135,11.628756178369496,0.0,0.0,0.0,0.0,0.0,0.0
7279,1,0.8999844571466836,6.7577749924079455,0.0,0.0,0.0,0.0,0.0,0.0
7294,1,0.8973171879215919,15.604907332986881,0.0,0.0,-0.7070000000000001,-0.022320000000000003,0.0,0.0
7295,1,0.8954264161496144,11.621985673726543,0.0,0.0,0.0,0.0,0.0,0.0
7599,1,0.9578660230260727,-14.711371974658055,0.0,0.0,0.0,0.0,0.0,0.0
7600,1,0.957866023026639,-14.711371974648262,0.0,0.0,0.0,0.0,0.0,0.0
7910,1,1.0587747209608258,-4.4278611250759266,0.0,0.0,0.0,0.0,0.0,0.0
7911,1,1.0680591915394249,-7.063325394521864,0.0,0.0,-0.237,-0.263,0.0,0.0
7912,1,1.0514758229837895,-1.9005177484520983,0.0,0.0,-0.444,0.0866,0.0,0.0
7916,1,1.5220385480788168,-6.520887716280124,0.0,0.0,-0.162,0.0418,0.0,0.0
7918,1,0.7843802481683024,14.121900838823459,0.0,0.0,-0.307,0.0928,0.0,0.0
7919,1,0.7828386052318865,13.693614917326064,0.0,0.0,-0.307,0.10099999999999999,0.0,0.0
7920,1,0.7913934063510818,10.207477985124473,0.0,0.0,0.0,0.0,0.0,0.0
7921,1,0.9595591561886043,-2.3480158927854125,0.0,0.0,-0.168,0.0070599999999999994,0.0,0.0
7936,1,0.9422342417992503,4.720602715283171,0.0,0.0,0.0,0.0,0.0,0.0
7937,1,0.9444932229259262,5.206306492224217,0.0,0.0,-0.214,0.0576,0.0,0.0
7938,1,0.7880333873803943,9.972168721750926,0.0,0.0,0.0,0.0,0.0,0.0
7939,1,0.786377935262865,13.01763688899401,0.0,0.0,-0.34,0.050499999999999996,0.0,0.0
7940,1,0.7792800257980048,14.362086075654606,0.0,0.0,-0.27699999999999997,0.050499999999999996,0.0,0.0
7941,1,0.9913024450232241,-0.1376665146517372,0.0,0.0,0.0,0.0,0.0,0.0
7942,1,0.9723211181964155,2.138538335149158,0.0,0.0,-0.315,0.20800000000000002,0.0,0.0
7943,1,0.9708351486000205,0.2079774670152379,0.0,0.0,0.0,0.0,0.0,0.0
7944,1,0.9557509069439074,2.5608514441221106,0.0,0.0,-0.365,0.20800000000000002,0.0,0.0
7953,1,0.992596535302723,-0.03789469546660474,0.0,0.0,0.0,0.0,0.0,0.0
7954,1,0.9925102764293878,0.035993650633996906,0.0,0.0,0.0,0.0,0.0,0.0
7955,1,0.9925965353027661,-0.03789469546682396,0.0,0.0,0.0,0.0,0.0,0.0
7956,1,0.9925102764294313,0.03599365063376963,0.0,0.0,0.0,0.0,0.0,0.0
7957,1,0.9806077151233317,7.0939587507689295,0.0,0.0,0.0,0.0,0.0,0.0
7958,1,0.980607715124583,7.093958750694707,0.0,0.0,0.0,0.0,0.0,0.0
7959,1,0.9551364805210609,-9.309785649852811,0.0,0.0,0.0,0.0,0.0,0.0
7960,1,0.9551364805210609,-9.309785649852811,0.0,0.0,0.0,0.0,0.0,0.0
7961,1,0.9551364805214786,-9.309785649849543,0.0,0.0,0.0,0.0,0.0,0.0
7962,1,0.9551364805214786,-9.309785649849543,0.0,0.0,0.0,0.0,0.0,0.0
7977,1,0.784156138616896,14.146223841895521,0.0,0.0,-0.031,0.0066500000000000005,0.0,0.0
7978,1,0.6357533213866335,-3.7660095487670127,0.0,0.0,0.0,0.0,0.0,0.0
7979,1,0.5780428302876633,-0.5344095636106753,0.0,0.0,0.0,0.0,0.0,0.0
7980,1,0.34980742049892083,-1.9057385039201282,0.0,0.0,0.0,0.0,0.0,0.0
7981,1,0.5166684297337976,3.6335592004824897,0.0,0.0,0.0,0.0,0.0,0.0
7982,1,2.7131424150891396e-12,-725.226777122826,0.0,0.0,0.0,0.0,0.0,0.0
7983,1,0.5765031035906356,-0.5482250234270176,0.0,0.0,0.0,0.0,0.0,0.0
7984,1,0.3754704275679466,16.10082797989048,0.0,0.0,0.0,0.0,0.0,0.0
7985,1,-0.2850145132077105,-1574.1359754011423,0.0,0.0,-0.7070000000000001,0.24100000000000002,0.0,0.0
8016,1,0.9792682529163026,-9.199987044745368,0.0,0.0,0.0,0.0,0.0,0.0
8017,1,0.9781736343032351,-6.161579749218756,0.0,0.0,0.0,0.0,0.0,0.0
8023,1,1.0087646726433817,-21.189120676029532,0.0,0.0,0.21,0.069,0.0,0.0
8024,1,1.0108560384984395,-20.993931087952,0.0,0.0,0.16,0.053,0.0,0.0
8025,1,1.0127885836336123,-20.82127981676847,0.0,0.0,0.15,0.049,0.0,0.0
8026,1,1.835338816328186,-10.370189598379532,0.0,0.0,-0.29600000000000004,0.0,0.0,0.0
8027,1,1.8355438455547501,-10.369702523682184,0.0,0.0,1.95,0.6509999999999999,0.0,0.0
8029,1,1.219565120172781,-13.510220767989926,0.0,0.0,0.816,0.28600000000000003,0.0,0.0
8030,1,1.878187856889835,-10.244385190149641,0.0,0.0,0.20900000000000002,0.035,0.0,0.0
8031,1,1.8781878036471928,-10.24437447030623,0.0,0.0,0.14300000000000002,0.045,0.0,0.0
8044,1,1.9048672494942722,-9.471713492704312,0.0,0.0,0.02400000000000002,-0.004,0.0,0.0
8045,1,1.9048662047975096,-9.471826867860289,0.0,0.0,0.7419999999999999,0.195,0.0,0.0
8065,1,0.9519538555665403,-9.392448805165342,0.0,0.0,0.0,0.0,0.0,0.0
8066,1,0.945120744860174,-7.8516303950326884,0.0,0.0,0.0,0.0,0.0,0.0
8087,1,1.0548022904481933,-0.9071002113479454,0.0,0.0,0.0,0.0,0.0,0.0
8088,1,1.0517613233641865,0.20000219163528882,0.0,0.0,0.0,0.0,0.0,0.0
8089,1,1.0549246178385632,-0.5664305724632454,0.0,0.0,0.0,0.0,0.0,0.0
8090,1,1.0520523845929066,0.6308583557002772,0.0,0.0,0.0,0.0,0.0,0.0
8091,1,1.0471374991054154,1.7189034457817136,0.0,0.0,-0.18,0.0766,0.0,0.0
8092,1,1.0549823854272604,-0.600653588465803,0.0,0.0,0.0,0.0,0.0,0.0
8093,1,1.0522878867944103,0.48272196785990124,0.0,0.0,0.0,0.0,0.0,0.0
8094,1,1.0553164953883567,-0.6794251937456265,0.0,0.0,0.0,0.0,0.0,0.0
8095,1,1.0563726984583266,-0.15372294883759094,0.0,0.0,0.0,0.0,0.0,0.0
8096,1,1.0530432516605441,0.39227256096633095,0.0,0.0,0.0,0.0,0.0,0.0
8097,1,1.0547735777285272,0.46996506772509516,0.0,0.0,0.0,0.0,0.0,0.0
8098,1,1.0518334126155215,1.5032752235573468,0.0,0.0,-0.036000000000000004,0.011399999999999999,0.0,0.0
8099,1,1.0506324804372211,1.5223438103735265,0.0,0.0,-0.055999999999999994,0.0189,0.0,0.0
8109,1,1.0543820665765828,-0.7325732352306017,0.0,0.0,0.0,0.0,0.0,0.0
8110,1,1.0561460451541256,0.4402396302138479,0.0,0.0,0.0,0.0,0.0,0.0
8111,1,1.0516407530050167,0.341236235420788,0.0,0.0,0.0,0.0,0.0,0.0
8112,1,1.0534537552456635,1.346367390728198,0.0,0.0,0.0,0.0,0.0,0.0
8113,1,1.049313247980344,1.6646015927870588,0.0,0.0,-0.036000000000000004,0.00879,0.0,0.0
8114,1,1.0502735111884662,2.5228222963502396,0.0,0.0,-0.08,0.0241,0.0,0.0
8115,1,-8.337789506193964e-9,-1415.1990367574463,0.0,0.0,0.0,0.0,0.0,0.0
8116,1,0.00880739863118263,3631.0339039658807,0.0,0.0,0.0,0.0,0.0,0.0
8117,1,-8.51654606303453e-5,-7320.878615126517,0.0,0.0,0.0,0.0,0.0,0.0
8118,1,9.794902002663467e-5,2389.4762838298475,0.0,0.0,0.0,0.0,0.0,0.0
8119,1,-0.05325477737010857,9237.439159969763,0.0,0.0,0.0,0.0,0.0,0.0
8120,1,-0.034554454728248384,16698.75530045513,0.0,0.0,-0.162,-0.01252,0.0,0.0
8121,1,-0.0734092067217999,-15961.329736809548,0.0,0.0,-0.226,-0.021709999999999997,0.0,0.0
8122,1,0.9644588591077433,7.90517606240643,0.0,0.0,0.0,0.0,0.0,0.0
8123,1,0.9595156275144003,9.655290876180972,0.0,0.0,0.0,0.0,0.0,0.0
8124,1,0.9584030371548584,9.659116215114302,0.0,0.0,0.0,0.0,0.0,0.0
8125,1,0.9558324345785827,9.66789913466248,0.0,0.0,0.0,0.0,0.0,0.0
8126,1,0.9596602244390923,9.65478824898536,0.0,0.0,0.0,0.0,0.0,0.0
8127,1,0.9561574937030779,10.7211728858307,0.0,0.0,-0.078,0.0264,0.0,0.0
8128,1,0.9517098483974004,10.590309291785724,0.0,0.0,-0.078,0.022799999999999997,0.0,0.0
8129,1,0.9583447958608,10.786387734861243,0.0,0.0,-0.078,0.0286,0.0,0.0
8139,1,0.7912372850951666,9.606495902766637,0.0,0.0,0.0,0.0,0.0,0.0
8140,1,0.7852433585348982,10.446938578703536,0.0,0.0,0.0,0.0,0.0,0.0
8141,1,0.7886932753784871,11.9517246923144,0.0,0.0,-0.40299999999999997,0.0842,0.0,0.0
8142,1,0.6864194397185834,5.557518326352832,0.0,0.0,0.0,0.0,0.0,0.0
8143,1,0.6272604632619115,12.729566093003086,0.0,0.0,0.0,0.0,0.0,0.0
8144,1,0.6209222983256953,16.985914725708557,0.0,0.0,-0.39,0.0998,0.0,0.0
8145,1,0.6889393722687301,4.801732447748439,0.0,0.0,0.0,0.0,0.0,0.0
8146,1,0.6322393535674833,10.212071807576317,0.0,0.0,0.0,0.0,0.0,0.0
8147,1,0.6271603763901428,14.394429943967838,0.0,0.0,-0.478,0.115,0.0,0.0
8148,1,0.5726447252466198,6.508727147511999,0.0,0.0,0.0,0.0,0.0,0.0
8149,1,0.5493078373287299,13.636914402334448,0.0,0.0,0.0,0.0,0.0,0.0
8151,1,0.7129290815808451,0.4501558322826781,0.0,0.0,0.0,0.0,0.0,0.0
8152,1,0.6296886063434992,9.973880111699987,0.0,0.0,0.0,0.0,0.0,0.0
8153,1,0.6249204637595985,14.774825628967339,0.0,0.0,-0.39,0.10800000000000001,0.0,0.0
8154,1,0.390527683005397,8.888135002182299,0.0,0.0,0.0,0.0,0.0,0.0
8155,1,2.1049927847751823e-7,565.3183490576001,0.0,0.0,0.0,0.0,0.0,0.0
8156,1,1.842272039733548e-8,-1265.3347681650891,0.0,0.0,-0.244,0.158,0.0,0.0
8160,1,0.9010810263785198,5.743029314133427,0.0,0.0,0.0,0.0,0.0,0.0
8163,1,1.0359433934861442,4.589426085187637,0.0,0.0,0.0,0.0,0.0,0.0
8164,1,1.024878030746182,8.92847467771317,0.0,0.0,0.0,0.0,0.0,0.0
8165,1,0.9690154095559205,-9.731978932326808,0.0,0.0,0.0,0.0,0.0,0.0
8166,1,0.9611653829232892,-4.920878875568963,0.0,0.0,0.0,0.0,0.0,0.0
8175,1,1.911417566738289,-10.279052296462096,0.0,0.0,0.0,0.0,0.0,0.0
8176,1,1.9114175667385414,-10.279052296457358,0.0,0.0,0.0,0.0,0.0,0.0
8177,1,1.9125839525643498,-10.280248416169297,0.0,0.0,0.0,0.0,0.0,0.0
8178,1,1.9125839525646058,-10.280248416164481,0.0,0.0,0.0,0.0,0.0,0.0
8205,1,0.5870499876238329,4.705771550633516,0.0,0.0,0.0,0.0,0.0,0.0
8206,1,0.5716128197810176,11.266993682732114,0.0,0.0,0.0,0.0,0.0,0.0
8207,1,0.8357147228306763,6.856868109354348,0.0,0.0,0.0,0.0,0.0,0.0
8208,1,0.785994278915547,10.430334151360796,0.0,0.0,0.0,0.0,0.0,0.0
8240,1,1.012099173850311,2.9308957025139253,0.0,0.0,0.0,0.0,0.0,0.0
8241,1,1.004418552858242,4.910057480610566,0.0,0.0,0.0,0.0,0.0,0.0
8242,1,1.3640544102042642,-8.536296234056882,0.0,0.0,0.0,0.0,0.0,0.0
8243,1,1.3504895623750994,-7.429666558324764,0.0,0.0,0.0,0.0,0.0,0.0
8290,1,0.5497303373495107,17.597087135897745,0.0,0.0,0.0,0.0,0.0,0.0
8291,1,0.5393811492729869,22.681431246286326,0.0,0.0,0.0,0.0,0.0,0.0
8292,1,0.5360616450592601,29.497234074894067,0.0,0.0,-0.138,0.0115,0.0,0.0
8295,1,0.780967979269413,12.839605483073667,0.0,0.0,-0.415,0.0842,0.0,0.0
8299,1,-8.513195649420312e-9,-721.5779737382315,0.0,0.0,-0.159,0.244,0.0,0.0
8305,1,1.0049292912520718,4.813317282596355,0.0,0.0,0.0,0.0,0.0,0.0
8306,1,1.0030105961531994,6.724903026715793,0.0,0.0,-0.18,0.0342,0.0,0.0
8307,1,0.5877888744909574,4.454310419902908,0.0,0.0,0.0,0.0,0.0,0.0
8308,1,0.5810388604260227,7.8664998385658915,0.0,0.0,0.0,0.0,0.0,0.0
8309,1,0.5791508506825247,13.498392822326801,0.0,0.0,-0.18100000000000002,0.0169,0.0,0.0
8317,1,0.9730141726435357,-10.453569921589057,0.0,0.0,0.0,0.0,0.0,0.0
8318,1,0.9539173137368022,-14.023703374700963,0.0,0.0,2.4840000000000004,0.815,0.0,0.0
8319,1,1.0874635841525906,-12.872574580521373,0.0,0.0,0.0,0.0,0.0,0.0
8320,1,1.0821489804590572,-14.920492738559297,0.0,0.0,0.9079999999999999,0.29,0.0,0.0
8333,1,0.5383294033822307,17.915679822302764,0.0,0.0,-0.519,0.223,0.0,0.0
8344,1,1.069423408677295,-8.287810737489902,0.0,0.0,-0.33799999999999997,-0.203,0.0,0.0
8345,1,1.0614680230878124,-5.911341240358831,0.0,0.0,0.0,0.0,0.0,0.0
8346,1,1.0601124991492314,-5.737496639248168,0.0,0.0,0.0,0.0,0.0,0.0
8347,1,1.0596924234117289,-3.3788997999524444,0.0,0.0,-0.47100000000000003,0.0908,0.0,0.0
8350,1,0.9504104926214919,-10.238383190619436,0.0,0.0,0.23,0.076,0.0,0.0
8358,1,0.7865546857085043,9.712238086702783,0.0,0.0,0.0,0.0,0.0,0.0
8359,1,0.7951045560758603,7.235267532178381,0.0,0.0,0.0,0.0,0.0,0.0
8360,1,0.7969907869634509,6.489514774965619,0.0,0.0,0.0,0.0,0.0,0.0
8361,1,0.9529202167770184,-9.119667476519124,0.0,0.0,0.0,0.0,0.0,0.0
8362,1,0.9529202167770184,-9.119667476519124,0.0,0.0,0.0,0.0,0.0,0.0
8363,1,0.9529202167769097,-9.119667476520164,0.0,0.0,0.0,0.0,0.0,0.0
8364,1,0.9529202167769097,-9.119667476520164,0.0,0.0,0.0,0.0,0.0,0.0
8374,1,0.4850132102048655,8.103622475978664,0.0,0.0,0.0,0.0,0.0,0.0
8375,1,0.2753623738474182,382.0478898160684,0.0,0.0,0.0,0.0,0.0,0.0
8376,1,-0.15386231794849795,247.5549362773856,0.0,0.0,-0.315,0.0791,0.0,0.0
8396,1,0.8811457578105744,-5.905446951848864,0.0,0.0,0.0,0.0,0.0,0.0
8397,1,0.8260164542980399,-4.081373254537788,0.0,0.0,0.0,0.0,0.0,0.0
8398,1,0.8177455090995784,-2.438326469355251,0.0,0.0,-0.231,0.10400000000000001,0.0,0.0
8413,1,0.7827052571933777,13.577550396635752,0.0,0.0,0.0,0.0,0.0,0.0
8414,1,0.7916492439717355,17.69388066139573,0.0,0.0,-0.8240000000000001,0.0499,0.0,0.0
8440,1,0.9793713614066898,-1.9550552868055178,0.0,0.0,0.0,0.0,0.0,0.0
8441,1,0.9914297848200274,-0.1988310250853361,0.0,0.0,0.0,0.0,0.0,0.0
8442,1,0.9739474561366158,1.7417270934870495,0.0,0.0,-0.302,0.20800000000000002,0.0,0.0
8446,1,1.0962168615387664,-13.82466993994558,0.0,0.0,0.15,0.044000000000000004,0.0,0.0
8448,1,0.9967257061491083,3.1344110783926573,0.0,0.0,0.185,0.061,0.0,0.0
8478,1,-0.40361823298062116,190.25434070218552,0.0,0.0,0.0,0.0,0.0,0.0
8479,1,-0.3223727321467718,550.3248575073272,0.0,0.0,0.0,0.0,0.0,0.0
8480,1,-0.40362155206478106,190.25511871379658,0.0,0.0,0.0,0.0,0.0,0.0
8481,1,-0.40359901464141107,190.2581150427055,0.0,0.0,0.0,0.0,0.0,0.0
8482,1,-0.3223473016564828,550.3306604397842,0.0,0.0,0.0,0.0,0.0,0.0
8483,1,-0.3223746757756864,550.3255620552343,0.0,0.0,0.0,0.0,0.0,0.0
8484,1,-0.06786676449583295,-94.8921099799433,0.0,0.0,-0.19699999999999998,0.028300000000000002,0.0,0.0
8485,1,-0.31477343460497087,2363.332946219967,0.0,0.0,-0.098,0.012199999999999999,0.0,0.0
8589,1,0.3047998111820963,22.66287030016194,0.0,0.0,0.0,0.0,0.0,0.0
8590,1,0.21116950149491706,47.35036740166776,0.0,0.0,0.0,0.0,0.0,0.0
8604,1,0.9505184922548843,-9.296765312181313,0.0,0.0,0.0,0.0,0.0,0.0
8605,1,0.9423184596961462,-7.4868981826947225,0.0,0.0,0.0,0.0,0.0,0.0
8606,1,0.9443457756204836,-8.013364080259398,0.0,0.0,0.0,0.0,0.0,0.0
8607,1,0.9418767878910674,-6.995576005575373,0.0,0.0,-0.10800000000000001,0.028900000000000002,0.0,0.0
8625,1,0.9492899165116521,-5.453371508229853,0.0,0.0,0.0,0.0,0.0,0.0
8626,1,0.9500018450334533,-5.837228554648469,0.0,0.0,0.0,0.0,0.0,0.0
8627,1,0.941893704749343,-1.5798805350788505,0.0,0.0,0.0,0.0,0.0,0.0
8628,1,0.9441377809908051,-3.2333057871793653,0.0,0.0,0.0,0.0,0.0,0.0
8629,1,0.9411422527212716,-0.5987404782893155,0.0,0.0,-0.126,0.020499999999999997,0.0,0.0
8632,1,0.5553343224191561,15.615145760815373,0.0,0.0,0.0,0.0,0.0,0.0
8633,1,0.541842218163116,21.721606642237052,0.0,0.0,0.0,0.0,0.0,0.0
8634,1,0.5418003581597817,21.731385184455764,0.0,0.0,0.0,0.0,0.0,0.0
8635,1,0.5392474957624371,22.58755568909286,0.0,0.0,0.0,0.0,0.0,0.0
8636,1,0.5384509972478329,24.98822056128821,0.0,0.0,-0.18,0.0245,0.0,0.0
8637,1,0.5357728637399667,25.59691040188352,0.0,0.0,-0.204,0.0302,0.0,0.0
8638,1,-0.02834718171364407,683.9865179493363,0.0,0.0,0.0,0.0,0.0,0.0
8639,1,0.005351638576508105,466.6504082885254,0.0,0.0,0.0,0.0,0.0,0.0
8640,1,-2.750925008106481e-6,-321.1044594173795,0.0,0.0,-0.192,0.0034100000000000003,0.0,0.0
8641,1,-5.530864350230379e-6,-1030.2898810894096,0.0,0.0,0.0,0.0,0.0,0.0
8642,1,-4.554645101760086e-6,-411.5623154316352,0.0,0.0,0.0,0.0,0.0,0.0
8643,1,3.6630076310583844e-9,-604.6912131979158,0.0,0.0,0.0,0.0,0.0,0.0
8644,1,-0.05900984227052676,-450.75827857226767,0.0,0.0,-0.124,-0.026949999999999998,0.0,0.0
8645,1,4.689318254828084e-9,4896.638474261099,0.0,0.0,0.0,0.0,0.0,0.0
8647,1,0.023261442240786797,4293.243490137303,0.0,0.0,0.0,0.0,0.0,0.0
8648,1,0.004330782612315464,-354.6549491216776,0.0,0.0,0.0,0.0,0.0,0.0
8649,1,0.5470515035406749,18.970595675236986,0.0,0.0,0.0,0.0,0.0,0.0
8650,1,0.5597746374571969,14.128504597467996,0.0,0.0,0.0,0.0,0.0,0.0
8657,1,8.864839747096908e-9,-970.4795468595433,0.0,0.0,0.0,0.0,0.0,0.0
8658,1,-2.4795152944765526e-9,-2603.71161363605,0.0,0.0,0.0,0.0,0.0,0.0
8659,1,9.229775321663128e-6,-122.3428438552056,0.0,0.0,0.0,0.0,0.0,0.0
8660,1,1.5426383074132295e-5,-4214.692493174131,0.0,0.0,0.0,0.0,0.0,0.0
8661,1,1.2592981769242865e-5,-4548.363423575991,0.0,0.0,-0.09,0.0197,0.0,0.0
8663,1,-1.6084645866163085e-8,-7517.711981744018,0.0,0.0,0.0,0.0,0.0,0.0
8664,1,-8.634811088243964e-6,-7626.310167217185,0.0,0.0,0.0,0.0,0.0,0.0
8684,1,0.09750629833675217,85.87031651070724,0.0,0.0,-0.081,0.00189,0.0,0.0
8685,1,0.2241773905413924,16.500253199229302,0.0,0.0,0.0,0.0,0.0,0.0
8686,1,-3.2501708123112488e-9,22.994568941792505,0.0,0.0,-0.138,0.00611,0.0,0.0
8687,1,1.1119198479370088e-12,-77.80150067857123,0.0,0.0,0.0,0.0,0.0,0.0
8747,1,0.961150268066248,6.547118744271966,0.0,0.0,0.0,0.0,0.0,0.0
8748,1,0.953007881545187,9.639516525311146,0.0,0.0,0.0,0.0,0.0,0.0
8749,1,0.9519180211862049,11.96590280146211,0.0,0.0,-0.478,0.07730000000000001,0.0,0.0
8750,1,0.9524510374621038,10.26173207226094,0.0,0.0,-0.191,-0.006764,0.0,0.0
8755,1,0.45351429011772787,7.793146909943039,0.0,0.0,0.0,0.0,0.0,0.0
8757,1,0.4362977724108342,13.084134447203825,0.0,0.0,0.0,0.0,0.0,0.0
8765,1,0.42109128562157966,23.001251162571357,0.0,0.0,-0.153,0.0358,0.0,0.0
8777,1,0.972728797408189,8.025830553433366,0.0,0.0,0.0,0.0,0.0,0.0
8778,1,0.9716135673062575,10.253522482502254,0.0,0.0,-0.20199999999999999,0.048600000000000004,0.0,0.0
8779,1,0.5390310790012289,22.755908412758636,0.0,0.0,0.0,0.0,0.0,0.0
8780,1,0.5359395845968333,29.827012396706323,0.0,0.0,-0.138,0.0113,0.0,0.0
8791,1,0.8354647314892986,7.084416493814993,0.0,0.0,0.0,0.0,0.0,0.0
8792,1,0.789350238417679,9.747660278831914,0.0,0.0,0.0,0.0,0.0,0.0
8793,1,0.7879332658161932,12.06165202241156,0.0,0.0,-0.17600000000000002,0.0337,0.0,0.0
8796,1,1.0589297738594265,-2.1276608622814273,0.0,0.0,0.0,0.0,0.0,0.0
8797,1,1.064211375847631,-0.7857981248277789,0.0,0.0,0.0,0.0,0.0,0.0
8798,1,1.0603188899093559,-0.21566199840012068,0.0,0.0,-0.218,0.141,0.0,0.0
8892,1,0.7111365888631174,0.9985630761818278,0.0,0.0,0.0,0.0,0.0,0.0
8893,1,0.6528861704874831,7.254033360981948,0.0,0.0,0.0,0.0,0.0,0.0
8894,1,0.6470453476129627,12.024024984180286,0.0,0.0,-0.396,0.0755,0.0,0.0
8895,1,0.5810998842007801,4.488366376024604,0.0,0.0,0.0,0.0,0.0,0.0
8896,1,0.5815964392386602,6.705078664995674,0.0,0.0,0.0,0.0,0.0,0.0
8897,1,0.5777915214595793,10.677422230659689,0.0,0.0,-0.145,0.035,0.0,0.0
8898,1,0.5671602161843198,9.805532512695402,0.0,0.0,0.0,0.0,0.0,0.0
8899,1,0.5612794626214579,13.977509436220874,0.0,0.0,-0.249,0.0796,0.0,0.0
8912,1,0.60594248762829,18.392182038678534,0.0,0.0,-0.37799999999999995,0.10800000000000001,0.0,0.0
8913,1,0.6291705542933554,14.908568133899298,0.0,0.0,-0.365,0.10800000000000001,0.0,0.0
8914,1,0.6142538037886702,18.006290775816684,0.0,0.0,-0.37799999999999995,0.10800000000000001,0.0,0.0
8915,1,0.6108666975192427,13.773744818179576,0.0,0.0,0.0,0.0,0.0,0.0
8916,1,0.6346125876994574,9.509704251396215,0.0,0.0,0.0,0.0,0.0,0.0
8917,1,0.618213710110885,13.360839600542569,0.0,0.0,0.0,0.0,0.0,0.0
8918,1,0.6368262069296543,7.9888762956192885,0.0,0.0,0.0,0.0,0.0,0.0
8922,1,0.6410733182228893,7.683517723306076,0.0,0.0,0.0,0.0,0.0,0.0
8928,1,0.9183096729285558,6.408492105122714,0.0,0.0,0.0,0.0,0.0,0.0
8929,1,0.9183096729291617,6.408492105108733,0.0,0.0,0.0,0.0,0.0,0.0
8930,1,1.0168237906180544,7.7480242591987265,0.0,0.0,-0.28800000000000003,0.0429,0.0,0.0
8931,1,1.0215887799147871,5.620383791843276,0.0,0.0,0.0,0.0,0.0,0.0
8932,1,0.7948581603398032,7.37071227019885,0.0,0.0,0.0,0.0,0.0,0.0
8937,1,0.7884736338953015,9.690557000718833,0.0,0.0,0.0,0.0,0.0,0.0
8938,1,0.7871163543289187,13.078582950413532,0.0,0.0,-0.322,0.0779,0.0,0.0
8939,1,0.7850355972218708,12.586960441825957,0.0,0.0,-0.135,0.0304,0.0,0.0
8940,1,0.5739236259456933,6.195527059942038,0.0,0.0,0.0,0.0,0.0,0.0
8941,1,0.5739236259489561,6.1955270598584296,0.0,0.0,0.0,0.0,0.0,0.0
8942,1,0.5729426875337706,6.358596654288371,0.0,0.0,0.0,0.0,0.0,0.0
8943,1,0.5729426875370638,6.358596654202547,0.0,0.0,0.0,0.0,0.0,0.0
8957,1,3.8307811633071063e-7,-581.5900173168158,0.0,0.0,0.0,0.0,0.0,0.0
8958,1,-1.6077943861554299e-12,-581.8713959049535,0.0,0.0,0.0,0.0,0.0,0.0
8965,1,1.5068081286221267,-6.209253850005311,0.0,0.0,-0.8109999999999999,0.0499,0.0,0.0
8966,1,1.5065826687853512,-7.00727468009007,0.0,0.0,0.0,0.0,0.0,0.0
8967,1,0.7834273209605105,13.773971766038478,0.0,0.0,-0.324,0.10300000000000001,0.0,0.0
8968,1,0.7843793370774905,13.954556806167856,0.0,0.0,-0.29,0.0915,0.0,0.0
8969,1,0.7900130080555746,10.384843915316651,0.0,0.0,0.0,0.0,0.0,0.0
8970,1,0.7919933340856365,10.047140963972298,0.0,0.0,0.0,0.0,0.0,0.0
8971,1,0.8433879950154758,6.80523141664284,0.0,0.0,0.0,0.0,0.0,0.0
8975,1,0.6228371660383245,20.063763240861228,0.0,0.0,-0.6659999999999999,0.0711,0.0,0.0
8976,1,0.6306964486445762,13.017032928877304,0.0,0.0,0.0,0.0,0.0,0.0
8977,1,0.5993499665155451,16.063880815318043,0.0,0.0,-0.14800000000000002,0.115,0.0,0.0
8982,1,0.972367096320016,4.128738479043789,0.0,0.0,-0.608,0.22899999999999998,0.0,0.0
8983,1,0.9822333378126488,1.6144436307615513,0.0,0.0,0.0,0.0,0.0,0.0
8998,1,0.7904984555773171,10.22531532859637,0.0,0.0,0.0,0.0,0.0,0.0
8999,1,0.8012583395793711,7.228384443336509,0.0,0.0,0.0,0.0,0.0,0.0
9466,1,1.089465735115171,1.1492655566699932,0.0,0.0,0.0,0.0,0.0,0.0
9467,1,1.0908628365043465,2.2358748499124568,0.0,0.0,-0.6890000000000001,0.149,0.0,0.0
9468,1,1.0922941887255075,1.1328851382284548,0.0,0.0,0.0,0.0,0.0,0.0
9469,1,1.1066605910115461,-2.9321826626176555,0.0,0.0,0.0,0.0,0.0,0.0
9470,1,0.783318002324136,18.65109070323364,0.0,0.0,-0.19699999999999998,0.013500000000000002,0.0,0.0
9472,1,0.7820768993634202,11.593009150996378,0.0,0.0,0.0,0.0,0.0,0.0
9473,1,0.7947777001174463,7.362327041421621,0.0,0.0,0.0,0.0,0.0,0.0
9486,1,0.4547121529079432,9.254355609713222,0.0,0.0,0.0,0.0,0.0,0.0
9489,1,0.9701131207111988,0.4107703785846474,0.0,0.0,0.0,0.0,0.0,0.0
9490,1,0.9701131207112432,0.41077037858437754,0.0,0.0,0.0,0.0,0.0,0.0
9491,1,0.8216262238030028,-2.4404165406174845,0.0,0.0,-0.243,0.0984,0.0,0.0
9492,1,0.8298110828615556,-4.45027160397802,0.0,0.0,0.0,0.0,0.0,0.0
9496,1,0.6060824177302389,-3.384903302434287,0.0,0.0,0.0,0.0,0.0,0.0
9497,1,0.6060824177320242,-3.3849033024456965,0.0,0.0,0.0,0.0,0.0,0.0
9498,1,2.4735823230419635e-12,-393.0686645941761,0.0,0.0,0.0,0.0,0.0,0.0
9499,1,-3.523522027244802e-9,-725.148891590229,0.0,0.0,-0.159,0.244,0.0,0.0
9511,1,0.9183096729291617,6.408492105108733,0.0,0.0,0.0,0.0,0.0,0.0
9512,1,0.277351647999645,21.380488440026955,0.0,0.0,0.0,0.0,0.0,0.0
9514,1,-0.1500676469971205,-112.04711471560576,0.0,0.0,-0.302,0.0765,0.0,0.0
9516,1,0.9907716200257445,-9.335113317672128,0.0,0.0,0.0,0.0,0.0,0.0
9524,1,1.1583857662994264,-15.261981064518135,0.0,0.0,0.0,0.0,0.0,0.0
9529,1,0.9440301094150148,-6.851785963379706,0.0,0.0,0.0,0.0,0.0,0.0
42258,1,0.9472311184022503,-9.65917998072361,0.0,0.0,0.0,0.0,0.0,0.0
42259,1,0.9472311184026356,-9.659179980719523,0.0,0.0,0.0,0.0,0.0,0.0
42308,1,1.018733100882495,-9.971795465071066,0.0,0.0,0.0,0.0,0.0,0.0
42309,1,1.0187331008826228,-9.971795465069384,0.0,0.0,0.0,0.0,0.0,0.0
42310,1,1.0212427553661767,-9.92636399142272,0.0,0.0,0.0,0.0,0.0,0.0
42311,1,1.0212427553663088,-9.926363991420995,0.0,0.0,0.0,0.0,0.0,0.0
42312,1,1.1102770508515822,-8.45361439899647,0.0,0.0,0.0,0.0,0.0,0.0
42313,1,1.1102770508517796,-8.453614398994416,0.0,0.0,0.0,0.0,0.0,0.0
42326,1,1.018133321423422,-6.07778241034382,0.0,0.0,0.0,0.0,0.0,0.0
42327,1,1.0181333214239314,-6.077782410341396,0.0,0.0,0.0,0.0,0.0,0.0
42328,1,1.0172623066487616,-6.1335050848788955,0.0,0.0,0.0,0.0,0.0,0.0
42329,1,1.0172623066492883,-6.133505084876143,0.0,0.0,0.0,0.0,0.0,0.0
42330,1,1.0164847650758886,-6.076687050687687,0.0,0.0,0.0,0.0,0.0,0.0
42331,1,1.0164847650764068,-6.076687050684307,0.0,0.0,0.0,0.0,0.0,0.0
42332,1,0.9754717761897292,-7.870716962262004,0.0,0.0,0.0,0.0,0.0,0.0
42333,1,0.9754717761898002,-7.870716962261557,0.0,0.0,0.0,0.0,0.0,0.0
42334,1,0.9754976629271195,-7.801541284813067,0.0,0.0,0.0,0.0,0.0,0.0
42335,1,0.9754976629271893,-7.801541284812637,0.0,0.0,0.0,0.0,0.0,0.0
42336,1,0.9752639543395105,-8.777889585828891,0.0,0.0,0.0,0.0,0.0,0.0
42337,1,0.9752639543395825,-8.777889585828285,0.0,0.0,0.0,0.0,0.0,0.0
42338,1,0.9752963861616889,-8.530423757047686,0.0,0.0,0.0,0.0,0.0,0.0
42339,1,0.9752963861617725,-8.530423757047032,0.0,0.0,0.0,0.0,0.0,0.0
42340,1,1.009224779413666,-9.31584527342632,0.0,0.0,0.0,0.0,0.0,0.0
42341,1,1.0092247794137335,-9.31584527342571,0.0,0.0,0.0,0.0,0.0,0.0
42342,1,1.0090774832062273,-9.294759696944839,0.0,0.0,0.0,0.0,0.0,0.0
42343,1,1.0090774832062983,-9.294759696944158,0.0,0.0,0.0,0.0,0.0,0.0
42370,1,0.8358217456474138,-3.397290413920484,0.0,0.0,0.0,0.0,0.0,0.0
42371,1,0.8358217456487912,-3.397290413916915,0.0,0.0,0.0,0.0,0.0,0.0
42372,1,0.8358217456474138,-3.397290413920484,0.0,0.0,0.0,0.0,0.0,0.0
42373,1,0.8358217456487912,-3.397290413916915,0.0,0.0,0.0,0.0,0.0,0.0
42374,1,1.1501108736619619,-13.105950183099466,0.0,0.0,0.0,0.0,0.0,0.0
42375,1,1.1501108736625303,-13.105950183085774,0.0,0.0,0.0,0.0,0.0,0.0
42376,1,1.148244848632494,-13.189415888486282,0.0,0.0,0.0,0.0,0.0,0.0
42377,1,1.1482448486330585,-13.189415888472276,0.0,0.0,0.0,0.0,0.0,0.0
43992,1,1.0139309492486797,3.1774097225612508,0.0,0.0,0.0,0.0,0.0,0.0
43993,1,1.404012552059973,-9.313769074379875,0.0,0.0,0.0,0.0,0.0,0.0
43994,1,1.4040125520601294,-9.313769074376921,0.0,0.0,0.0,0.0,0.0,0.0
43995,1,1.4239909007018299,-9.525973544245918,0.0,0.0,0.0,0.0,0.0,0.0
43996,1,1.423990900701971,-9.525973544242929,0.0,0.0,0.0,0.0,0.0,0.0
44062,1,2.777422969055399e-11,-33.2286215671046,0.0,0.0,0.0,0.0,0.0,0.0
44063,1,-1.0026498656290974e-6,-33.22836060338314,0.0,0.0,0.0,0.0,0.0,0.0
44064,1,3.198859063863254e-11,4.091767651386553,0.0,0.0,0.0,0.0,0.0,0.0
44065,1,8.681366285374498e-7,4.091832736786252,0.0,0.0,0.0,0.0,0.0,0.0
44066,1,0.5062170705980765,4.785665280304396,0.0,0.0,0.0,0.0,0.0,0.0
44067,1,0.5062170706004624,4.785665280234662,0.0,0.0,0.0,0.0,0.0,0.0
44068,1,0.5056438039512774,4.799259761758454,0.0,0.0,0.0,0.0,0.0,0.0
44069,1,0.5056438039536758,4.799259761688134,0.0,0.0,0.0,0.0,0.0,0.0
44094,1,0.9745791600108299,-10.227060596274923,0.0,0.0,0.0,0.0,0.0,0.0
44096,1,1.1066188210177474,-3.833495308385972,0.0,0.0,0.0,0.0,0.0,0.0
44097,1,1.1065279745787886,-3.8436182014770517,0.0,0.0,0.0,0.0,0.0,0.0
44100,1,0.6255802572422107,4.171990799899944,0.0,0.0,0.0,0.0,0.0,0.0
44101,1,0.6255802572445924,4.171990799860266,0.0,0.0,0.0,0.0,0.0,0.0
44102,1,0.6255802572422107,4.171990799899944,0.0,0.0,0.0,0.0,0.0,0.0
44103,1,0.6255802572445924,4.171990799860266,0.0,0.0,0.0,0.0,0.0,0.0
44104,1,0.6255802572422107,4.171990799899944,0.0,0.0,0.0,0.0,0.0,0.0
44105,1,0.6255802572445924,4.171990799860266,0.0,0.0,0.0,0.0,0.0,0.0
44108,1,1.0134532767376387,-20.74465599981897,0.0,0.0,0.0,0.0,0.0,0.0
44109,1,1.0134532767376387,-20.74465599981897,0.0,0.0,0.0,0.0,0.0,0.0
44110,1,1.0978602868493483,-13.679936711363949,0.0,0.0,0.0,0.0,0.0,0.0
44487,1,0.646548451274456,10.952558617748997,0.0,0.0,-0.297,0.0583,0.0,0.0
44488,1,0.64360291548702,12.095657774829306,0.0,0.0,-0.42700000000000005,0.0767,0.0,0.0
44489,1,0.6461606062096198,8.601401123089703,0.0,0.0,-0.24100000000000002,0.0673,0.0,0.0
44490,1,0.6464383985260576,11.18711888487758,0.0,0.0,-0.33399999999999996,0.06269999999999999,0.0,0.0
44491,1,0.6453385503806572,8.637344960777003,0.0,0.0,0.0,0.0,0.0,0.0
44492,1,0.6420509761075268,9.985600316013844,0.0,0.0,0.0,0.0,0.0,0.0
44493,1,0.6880704019750099,5.157009362180668,0.0,0.0,0.0,0.0,0.0,0.0
44497,1,1.0326425065295215,8.115044083165783,0.0,0.0,0.0,0.0,0.0,0.0
44498,1,1.0349904278942867,4.98583964288483,0.0,0.0,0.0,0.0,0.0,0.0
44503,1,1.023378945955763,10.104864725717004,0.0,0.0,-0.743,0.258,0.0,0.0
44514,1,0.7873798020073325,12.827124213057566,0.0,0.0,-0.02,0.00332,0.0,0.0
44515,1,0.7839377818845668,16.33849512056491,0.0,0.0,-0.031,0.00503,0.0,0.0
44516,1,0.7820803016838781,13.343031369156181,0.0,0.0,0.0,0.0,0.0,0.0
44519,1,0.795006599617903,7.177199365452048,0.0,0.0,0.0,0.0,0.0,0.0
44531,1,0.8816135894172052,-5.947429873272439,0.0,0.0,0.0,0.0,0.0,0.0
44532,1,0.8193686104729021,-3.8388763296764297,0.0,0.0,0.0,0.0,0.0,0.0
44533,1,0.8015966994247842,-1.443202234027288,0.0,0.0,-0.243,0.151,0.0,0.0
44534,1,1.0534858810688417,-1.8033275294558238,0.0,0.0,0.0,0.0,0.0,0.0
44535,1,1.0514230026205198,-0.8740310183396707,0.0,0.0,0.0,0.0,0.0,0.0
44536,1,1.0507412402926417,-0.0627402350433568,0.0,0.0,-0.102,0.0262,0.0,0.0
44537,1,0.8819220084661953,-6.065748985197453,0.0,0.0,0.0,0.0,0.0,0.0
44538,1,0.8147361448248197,1.107118027893476,0.0,0.0,0.0,0.0,0.0,0.0
44539,1,0.8215283905448765,6.7874444970814505,0.0,0.0,-0.991,-0.004089,0.0,0.0
44555,1,1.0514485655384984,-1.029199121162517,0.0,0.0,-0.18,0.0216,0.0,0.0
44556,1,1.0507938324258443,-2.1610511531549945,0.0,0.0,0.0,0.0,0.0,0.0
44557,1,1.051121358883698,-2.421855601393246,0.0,0.0,0.0,0.0,0.0,0.0
44588,1,1.0827535932443415,-14.820590658470794,0.0,0.0,0.0,0.0,0.0,0.0
44589,1,1.082753593243631,-14.820590658486601,0.0,0.0,0.0,0.0,0.0,0.0
44590,1,1.0827535932443415,-14.820590658470794,0.0,0.0,0.0,0.0,0.0,0.0
44591,1,1.082753593243631,-14.820590658486601,0.0,0.0,0.0,0.0,0.0,0.0
44594,1,1.0594865967540315,-2.075988822951924,0.0,0.0,0.0,0.0,0.0,0.0
44650,1,1.0018609432663765,6.599887902737831,0.0,0.0,-0.9890000000000001,0.111,0.0,0.0
44651,1,1.000800790285837,6.30366760338581,0.0,0.0,0.0,0.0,0.0,0.0
44652,1,1.009398893655436,2.004458837453707,0.0,0.0,0.0,0.0,0.0,0.0
44666,1,1.3438387706408599,-2.569479523584686,0.0,0.0,-0.5770000000000001,0.0377,0.0,0.0
44667,1,1.3396052290384828,-4.955379487174985,0.0,0.0,0.0,0.0,0.0,0.0
44668,1,1.3482296100492173,-7.936460696460549,0.0,0.0,0.0,0.0,0.0,0.0
44703,1,0.9877219465070425,8.04818192938789,0.0,0.0,-0.706,0.0209,0.0,0.0
44704,1,0.9871679980199457,7.1671599878272385,0.0,0.0,0.0,0.0,0.0,0.0
44705,1,0.9938302874012025,1.5508580740800224,0.0,0.0,0.0,0.0,0.0,0.0
44710,1,0.8215383555484321,6.241751515262507,0.0,0.0,-1.5,-0.007207,0.0,0.0
44721,1,0.9522440964316049,9.872864489255939,0.0,0.0,0.0,0.0,0.0,0.0
44858,1,0.9491037832824089,-8.307266739578303,0.0,0.0,0.0,0.0,0.0,0.0
44859,1,0.9514724859376986,-7.848852385634872,0.0,0.0,0.0,0.0,0.0,0.0
44860,1,0.9475655633094312,-6.13292998109624,0.0,0.0,0.0,0.0,0.0,0.0
44861,1,0.9460093847483303,-6.759236408141546,0.0,0.0,0.0,0.0,0.0,0.0
44862,1,0.9456101358390729,-6.584431643340511,0.0,0.0,0.0,0.0,0.0,0.0
44863,1,0.9456805117443263,-5.003072333467555,0.0,0.0,-0.09,0.0173,0.0,0.0
44864,1,0.94582193819165,-5.459156349561394,0.0,0.0,-0.081,0.0129,0.0,0.0
44887,1,0.9611569853305981,-5.254625908027822,0.0,0.0,0.0,0.0,0.0,0.0
44888,1,0.967706530677657,-9.164571235842107,0.0,0.0,0.0,0.0,0.0,0.0
44890,1,0.9387573772772899,5.485444628373867,0.0,0.0,0.0,0.0,0.0,0.0
44891,1,0.9420535586771259,4.7981529784549295,0.0,0.0,0.0,0.0,0.0,0.0
44908,1,0.631640021631452,10.225216557722213,0.0,0.0,0.0,0.0,0.0,0.0
44909,1,0.6266378308683831,14.434945845163782,0.0,0.0,-0.478,0.115,0.0,0.0
44910,1,0.6246666004091699,13.347445205679204,0.0,0.0,0.0,0.0,0.0,0.0
44911,1,0.6189212115555823,17.68806746883845,0.0,0.0,-0.39,0.0998,0.0,0.0
44915,1,1.0211495435163858,-20.965808221923584,0.0,0.0,0.0,0.0,0.0,0.0
44916,1,1.0211495435169753,-20.96580822189487,0.0,0.0,0.0,0.0,0.0,0.0
44917,1,1.0620586516357597,-20.891427052076764,0.0,0.0,0.0,0.0,0.0,0.0
44918,1,1.062058651635689,-20.891427052080633,0.0,0.0,0.0,0.0,0.0,0.0
44919,1,1.0620586516357597,-20.891427052076764,0.0,0.0,0.0,0.0,0.0,0.0
44920,1,1.062058651635689,-20.891427052080633,0.0,0.0,0.0,0.0,0.0,0.0
44921,1,0.5829840796137687,6.368020363213633,0.0,0.0,0.0,0.0,0.0,0.0
44922,1,0.5811658824562947,11.15581986526694,0.0,0.0,-0.124,0.0271,0.0,0.0
44938,1,0.9420535586772186,4.798152978452052,0.0,0.0,0.0,0.0,0.0,0.0
44939,1,0.9387573772773857,5.485444628370776,0.0,0.0,0.0,0.0,0.0,0.0
44985,1,1.056229801615844,-12.917084074678606,0.0,0.0,0.0,0.0,0.0,0.0
44986,1,1.054309018425693,-11.729052054372419,0.0,0.0,0.0,0.0,0.0,0.0
44987,1,1.0551469301083969,-10.73666410805789,0.0,0.0,-0.247,0.0256,0.0,0.0
45002,1,0.7894153793893754,17.2863594175651,0.0,0.0,-0.618,0.0356,0.0,0.0
45015,1,0.9595002158930034,-2.43342144617221,0.0,0.0,-0.43200000000000005,0.0213,0.0,0.0
45048,1,0.8061901803668055,-1.9477191683302,0.0,0.0,-0.252,0.151,0.0,0.0
45083,1,0.9975554362335454,-6.499592255745571,0.0,0.0,-0.207,0.0613,0.0,0.0
45084,1,1.0003776562668905,-7.8698829923514,0.0,0.0,0.0,0.0,0.0,0.0
45085,1,1.004889228264264,-9.02146722467727,0.0,0.0,0.0,0.0,0.0,0.0
45086,1,1.0054775178303872,-9.536617904272484,0.0,0.0,0.0,0.0,0.0,0.0
45090,1,0.9006958445097856,13.31235643592056,0.0,0.0,-1.3869999999999998,-0.006649,0.0,0.0
45091,1,0.8979317994348782,11.774872215278402,0.0,0.0,0.0,0.0,0.0,0.0
45092,1,0.9004798909519156,6.868812757677127,0.0,0.0,0.0,0.0,0.0,0.0
45123,1,0.7858290086340736,19.453275504962367,0.0,0.0,-0.843,-0.01821,0.0,0.0
45124,1,0.7845517421212157,13.120379362055232,0.0,0.0,0.0,0.0,0.0,0.0
45125,1,0.8411322792235955,3.724509840540305,0.0,0.0,0.0,0.0,0.0,0.0
45211,1,0.8165773975290359,2.1379893314397918,0.0,0.0,-2.1,0.764,0.0,0.0
45276,1,0.8263831348004256,-3.9348545615062984,0.0,0.0,0.0,0.0,0.0,0.0
45278,1,0.8194378541267137,-2.1600749136771062,0.0,0.0,-0.253,0.1,0.0,0.0
45279,1,0.8375109443374134,-5.671173120977304,0.0,0.0,0.0,0.0,0.0,0.0
45288,1,1.0601946225307055,-1.88659650236618,0.0,0.0,0.0,0.0,0.0,0.0
45293,1,1.0622052708990386,-0.2382529967069914,0.0,0.0,-0.092,0.0397,0.0,0.0
45294,1,1.0522315829752342,0.0861723412291158,0.0,0.0,-0.184,0.10300000000000001,0.0,0.0
45295,1,1.0662266904017863,-1.40639154391493,0.0,0.0,0.0,0.0,0.0,0.0
45296,1,1.0598258976483028,-0.9265319986948607,0.0,0.0,0.0,0.0,0.0,0.0
45324,1,0.900543505511922,14.635516181475943,0.0,0.0,-2.804,-0.03383,0.0,0.0
45325,1,0.8981738434288707,11.87572878228599,0.0,0.0,0.0,0.0,0.0,0.0
45326,1,0.9016812326493518,6.513745328978911,0.0,0.0,0.0,0.0,0.0,0.0
45333,1,0.9192942649336248,1.7747828197037705,0.0,0.0,0.0,0.0,0.0,0.0
45334,1,0.9173404467422405,5.457428405353077,0.0,0.0,0.0,0.0,0.0,0.0
45335,1,0.9244033571287447,9.077531046479972,0.0,0.0,-0.599,-0.01978,0.0,0.0
45375,1,0.963712830164605,-5.923065000422761,0.0,0.0,0.0,0.0,0.0,0.0
45376,1,0.9623834183908868,-1.7061096822658843,0.0,0.0,0.0,0.0,0.0,0.0
45377,1,0.9637787039678198,1.2650027995507802,0.0,0.0,-0.539,-0.01771,0.0,0.0
45475,1,0.9386795443001852,3.4168762753138138,0.0,0.0,0.0,0.0,0.0,0.0
45476,1,0.9342953666249185,5.7821189287873,0.0,0.0,0.0,0.0,0.0,0.0
45477,1,0.9362838706774775,8.156920159629937,0.0,0.0,-0.337,0.0268,0.0,0.0
45517,1,0.9826895517118176,1.9429819806716124,0.0,0.0,0.0,0.0,0.0,0.0
45518,1,0.982689551711862,1.9429819806712145,0.0,0.0,0.0,0.0,0.0,0.0
45535,1,0.6380938915196684,10.72542661028067,0.0,0.0,0.0,0.0,0.0,0.0
45536,1,0.6262152473195618,16.93170063041736,0.0,0.0,-0.601,0.13699999999999998,0.0,0.0
45548,1,0.9575627287918363,-12.684454036028542,0.0,0.0,0.0,0.0,0.0,0.0
45549,1,0.9044724056993221,-10.917105347094664,0.0,0.0,0.0,0.0,0.0,0.0
45550,1,0.8993364308974446,-8.719706568380516,0.0,0.0,-0.324,0.08410000000000001,0.0,0.0
45551,1,0.9108180075342871,-12.428951718090207,0.0,0.0,0.0,0.0,0.0,0.0
45552,1,0.9047029536803165,-10.87748085320017,0.0,0.0,0.0,0.0,0.0,0.0
45553,1,0.9023011338799504,-8.975356109947906,0.0,0.0,-0.336,0.076,0.0,0.0
45563,1,0.6536102369711754,5.601578575105205,0.0,0.0,0.0,0.0,0.0,0.0
45564,1,0.6538981953718723,5.51068507747185,0.0,0.0,0.0,0.0,0.0,0.0
45565,1,0.6457604867816246,7.991028902653224,0.0,0.0,0.0,0.0,0.0,0.0
45566,1,0.6447945178416254,8.919693070359354,0.0,0.0,0.0,0.0,0.0,0.0
45567,1,0.6463861433593538,12.407955855902156,0.0,0.0,-0.397,0.0755,0.0,0.0
45568,1,0.645282046949553,12.913425030270194,0.0,0.0,-0.405,0.0755,0.0,0.0
45569,1,0.6460017596019553,12.091341892033578,0.0,0.0,-0.40299999999999997,0.0755,0.0,0.0
45570,1,0.6522543604238177,7.342568278881303,0.0,0.0,0.0,0.0,0.0,0.0
45571,1,0.6518833164957846,7.391688230619335,0.0,0.0,0.0,0.0,0.0,0.0
45572,1,0.6523465790919634,7.459843469921711,0.0,0.0,0.0,0.0,0.0,0.0
45573,1,0.6722455027682567,2.09615368444577,0.0,0.0,0.0,0.0,0.0,0.0
45577,1,0.672139327267519,2.1176808762178183,0.0,0.0,0.0,0.0,0.0,0.0
45900,1,0.6406333209882545,7.270036602520148,0.0,0.0,0.0,0.0,0.0,0.0
45901,1,0.640633320989122,7.270036602497499,0.0,0.0,0.0,0.0,0.0,0.0
45906,1,0.7899594525099874,10.373115146825372,0.0,0.0,0.0,0.0,0.0,0.0
45907,1,0.7919324956435566,9.876131614827681,0.0,0.0,0.0,0.0,0.0,0.0
45908,1,0.781358261555854,14.139003550787482,0.0,0.0,-0.324,0.107,0.0,0.0
45909,1,0.7815431617375322,13.725291803218202,0.0,0.0,-0.273,0.0962,0.0,0.0
45910,1,0.783309016218361,14.05518153796393,0.0,0.0,-0.336,0.0827,0.0,0.0
45911,1,0.8012650046082286,7.22837867705419,0.0,0.0,0.0,0.0,0.0,0.0
45912,1,0.8012721554748523,7.2168865069465244,0.0,0.0,0.0,0.0,0.0,0.0
45923,1,1.0644943887444875,-0.7181822449359945,0.0,0.0,0.0,0.0,0.0,0.0
45924,1,1.0644943887445986,-0.7181822449363595,0.0,0.0,0.0,0.0,0.0,0.0
46026,1,0.7943914095283048,7.397662641382608,0.0,0.0,0.0,0.0,0.0,0.0
46031,1,0.7872563996696192,10.353533267955235,0.0,0.0,0.0,0.0,0.0,0.0
46032,1,0.7851354984527358,11.636064821609075,0.0,0.0,0.0,0.0,0.0,0.0
46035,1,0.7871756597278278,15.59981754416667,0.0,0.0,-0.38,0.0269,0.0,0.0
46036,1,0.7909849249851261,17.420651035016967,0.0,0.0,-0.578,0.0493,0.0,0.0
46055,1,1.020121632751238,-20.894255163006715,0.0,0.0,0.0,0.0,0.0,0.0
46056,1,1.0201216327518248,-20.894255162978368,0.0,0.0,0.0,0.0,0.0,0.0
46092,1,0.8300035042585345,-4.49136621074595,0.0,0.0,0.0,0.0,0.0,0.0
46095,1,0.8350077093497728,-5.2733070149895855,0.0,0.0,0.0,0.0,0.0,0.0
46157,1,0.8958919546166155,11.150414940993723,0.0,0.0,0.0,0.0,0.0,0.0
46158,1,0.8964768133308116,11.315567066243732,0.0,0.0,0.0,0.0,0.0,0.0
46159,1,0.8974085894049443,14.925137074378911,0.0,0.0,-0.634,-0.01717,0.0,0.0
46160,1,0.8984313484297077,15.125126540186152,0.0,0.0,-0.667,-0.007372999999999999,0.0,0.0
46165,1,0.8984954486023567,7.7897223532009665,0.0,0.0,0.0,0.0,0.0,0.0
46170,1,0.8987166289401436,7.707186928656058,0.0,0.0,0.0,0.0,0.0,0.0
46201,1,1.3360707863130385,-4.175675603221132,0.0,0.0,-1.2570000000000001,0.157,0.0,0.0
46202,1,1.3387518567894456,-5.512474750661248,0.0,0.0,0.0,0.0,0.0,0.0
46267,1,1.0695251413323144,-7.969559058442702,0.0,0.0,0.0,0.0,0.0,0.0
46268,1,1.0565954573839105,-3.25082712399036,0.0,0.0,-0.508,0.0974,0.0,0.0
46284,1,0.9733063703999212,-11.44555888428896,0.0,0.0,0.0,0.0,0.0,0.0
46285,1,0.9733063704001859,-11.445558884285973,0.0,0.0,0.0,0.0,0.0,0.0
46378,1,0.43666803851721286,13.268575346121976,0.0,0.0,0.0,0.0,0.0,0.0
46379,1,0.4343857409091779,13.486135552886081,0.0,0.0,0.0,0.0,0.0,0.0
46380,1,0.4347722105241038,13.686513509479896,0.0,0.0,0.0,0.0,0.0,0.0
46381,1,0.4343857409098158,13.486135552829829,0.0,0.0,0.0,0.0,0.0,0.0
46382,1,0.43477221052473736,13.686513509423254,0.0,0.0,0.0,0.0,0.0,0.0
46383,1,0.4186311871269664,23.629928045007055,0.0,0.0,-0.14800000000000002,0.0358,0.0,0.0
46415,1,0.9997366552465526,-7.918723879287335,0.0,0.0,0.0,0.0,0.0,0.0
46416,1,1.0000165530858873,-7.772819379259723,0.0,0.0,0.0,0.0,0.0,0.0
46417,1,0.9993202884265527,-7.825714188810626,0.0,0.0,0.0,0.0,0.0,0.0
46418,1,1.0000165530859932,-7.772819379258331,0.0,0.0,0.0,0.0,0.0,0.0
46419,1,0.9993202884266587,-7.825714188809219,0.0,0.0,0.0,0.0,0.0,0.0
46420,1,0.9961643494489196,-6.602973261423303,0.0,0.0,-0.198,0.0613,0.0,0.0
46488,1,0.926691595738325,1.9012841881262363,0.0,0.0,0.0,0.0,0.0,0.0
46489,1,0.9263439242218452,1.8988684893134276,0.0,0.0,0.0,0.0,0.0,0.0
46490,1,0.9266915957390319,1.9012841881148825,0.0,0.0,0.0,0.0,0.0,0.0
46491,1,0.9263439242225494,1.8988684893021321,0.0,0.0,0.0,0.0,0.0,0.0
46498,1,0.6333642041146416,12.301851422195934,0.0,0.0,0.0,0.0,0.0,0.0
46499,1,0.6533647045418649,5.512008664615286,0.0,0.0,0.0,0.0,0.0,0.0
46501,1,0.6268264699991265,19.493787046811484,0.0,0.0,-0.607,0.06559999999999999,0.0,0.0
46510,1,0.8365206311546045,-5.6441180342674855,0.0,0.0,0.0,0.0,0.0,0.0
46515,1,0.8189650908622574,-3.8887460330290704,0.0,0.0,0.0,0.0,0.0,0.0
46518,1,1.1032355873074977,-2.167238252042358,0.0,0.0,0.0,0.0,0.0,0.0
46538,1,0.9336367030863231,5.9702484545852785,0.0,0.0,0.0,0.0,0.0,0.0
46539,1,0.9336367030862255,5.970248454588171,0.0,0.0,0.0,0.0,0.0,0.0
46540,1,1.0142773158943559,3.383141988199124,0.0,0.0,0.0,0.0,0.0,0.0
46541,1,1.0142773158947125,3.3831419881933535,0.0,0.0,0.0,0.0,0.0,0.0
46550,1,0.598272006318797,15.633020303321363,0.0,0.0,-0.14800000000000002,0.115,0.0,0.0
46566,1,0.8306663783345402,-1.4533295186023563,0.0,0.0,0.0,0.0,0.0,0.0
46567,1,0.8338269101754482,-2.9006152353333707,0.0,0.0,0.0,0.0,0.0,0.0
46568,1,0.8451665583189196,-6.216803397475124,0.0,0.0,0.0,0.0,0.0,0.0
46569,1,0.8461758487226588,-7.480531824300435,0.0,0.0,0.0,0.0,0.0,0.0
46570,1,0.8400380528218324,-6.216803397476757,0.0,0.0,0.0,0.0,0.0,0.0
46571,1,0.8304984053947106,4.620337758233618,0.0,0.0,-0.907,0.115,0.0,0.0
46572,1,0.8308029340467736,2.864825077149189,0.0,0.0,-0.604,0.0775,0.0,0.0
46734,1,0.843203110885178,6.935731738580858,0.0,0.0,0.0,0.0,0.0,0.0
46737,1,0.5876071875531231,4.573518499312367,0.0,0.0,0.0,0.0,0.0,0.0
46738,1,0.5797191741075178,9.065210480648187,0.0,0.0,0.0,0.0,0.0,0.0
46739,1,0.5686882138402564,15.395212618577442,0.0,0.0,-0.324,0.0738,0.0,0.0
46746,1,0.8210977522991347,-2.421153923683173,0.0,0.0,-0.23199999999999998,0.09539999999999998,0.0,0.0
46776,1,0.8288728727100422,4.066590810452118,0.0,0.0,-0.18899999999999997,0.023,0.0,0.0
47007,1,1.1787628947447881,-10.756345472996083,0.0,0.0,0.0,0.0,0.0,0.0
47008,1,1.376875871905211,-9.395691644315345,0.0,0.0,-0.133,0.0,0.0,0.0
47009,1,1.0110000000112063,3.2602891620405914,0.0,0.0,-0.076,0.0,0.0,0.0
47010,1,1.4192779757884832,4.192895784150539,0.0,0.0,-0.302,0.0,0.0,0.0
47011,1,1.1735905433775713,-8.898255468528198,0.0,0.0,-0.501,0.0,0.0,0.0
47066,1,0.9754503039163943,-11.269128878791458,0.0,0.0,-0.11900000000000001,0.0,0.0,0.0
47067,1,1.0851750941535716,-0.33996603762858174,0.0,0.0,-0.139,0.0,0.0,0.0
47068,1,1.2525507786468144,-16.087035981769954,0.0,0.0,-0.009000000000000001,0.0,0.0,0.0
47069,1,0.9623193515704603,-13.96981885804717,0.0,0.0,-0.209,0.0,0.0,0.0
47070,1,0.9475158621209665,-9.629165346408033,0.0,0.0,-0.042,0.0,0.0,0.0
47123,1,1.0814348007464216,-22.456872000533757,0.0,0.0,-0.021,-0.002,0.0,0.0
47124,1,1.106025489477738,-22.015967244128735,0.0,0.0,-0.5670000000000001,-0.040999999999999995,0.0,0.0
47125,1,1.7147657893442751,-8.576293080778854,0.0,0.0,-0.293,-0.019,0.0,0.0
47126,1,1.0571214370958386,-20.88771924840042,0.0,0.0,-0.048,-0.006999999999999999,0.0,0.0
47128,1,1.835543791079237,-10.369610863047255,0.0,0.0,-0.539,0.01,0.0,0.0
47216,1,0.9858444143021386,7.620017691258444,0.0,0.0,0.0,0.0,0.0,0.0
47217,1,0.9858444143022748,7.620017691254772,0.0,0.0,0.0,0.0,0.0,0.0
47256,1,0.948122770874438,-9.806886646058746,0.0,0.0,0.0,0.0,0.0,0.0
47257,1,0.9480975328256447,-9.816020288690071,0.0,0.0,0.0,0.0,0.0,0.0
47258,1,0.9481227708749618,-9.806886646054108,0.0,0.0,0.0,0.0,0.0,0.0
47259,1,0.9480975328261707,-9.8160202886854,0.0,0.0,0.0,0.0,0.0,0.0
47264,1,1.9352540744346827,-9.290108480035919,0.0,0.0,0.0,0.0,0.0,0.0
47265,1,1.935254074434813,-9.290108480034931,0.0,0.0,0.0,0.0,0.0,0.0
47299,1,0.9645069065005893,-12.696674878724622,0.0,0.0,-0.006,0.0,0.0,0.0
47301,1,0.939089033049489,-13.295009387444189,0.0,0.0,-0.063,0.0,0.0,0.0
47337,1,0.8011866257294026,7.294303002423733,0.0,0.0,0.0,0.0,0.0,0.0
47338,1,0.78689226891249,10.572529934131309,0.0,0.0,0.0,0.0,0.0,0.0
47339,1,0.7911600295979249,9.504844669425898,0.0,0.0,0.0,0.0,0.0,0.0
47340,1,0.7883437753654373,12.79608370080578,0.0,0.0,-0.22699999999999998,0.059699999999999996,0.0,0.0
47464,1,0.9832651024217188,-15.925987388689606,0.0,0.0,0.0,0.0,0.0,0.0
47497,1,0.7998984355377631,5.372441860927214,0.0,0.0,0.0,0.0,0.0,0.0
47498,1,0.7998638115611353,5.151384929351923,0.0,0.0,0.0,0.0,0.0,0.0
47499,1,0.7997245552198416,5.130584371332064,0.0,0.0,0.0,0.0,0.0,0.0
47500,1,0.7853623092255269,12.688474602528924,0.0,0.0,0.0,0.0,0.0,0.0
47501,1,0.7844022419990977,12.92821701883364,0.0,0.0,0.0,0.0,0.0,0.0
47502,1,0.7849721676745206,10.678391598312807,0.0,0.0,0.0,0.0,0.0,0.0
47503,1,0.7815778873796719,12.846658047486386,0.0,0.0,0.0,0.0,0.0,0.0
47504,1,0.7857071808559631,10.650070480271523,0.0,0.0,0.0,0.0,0.0,0.0
47505,1,0.7863110792097189,19.032060713915204,0.0,0.0,-0.7859999999999999,-0.010409999999999999,0.0,0.0
47506,1,0.7866405298805931,19.565043002657493,0.0,0.0,-0.843,-0.01814,0.0,0.0
47507,1,0.7916906615773154,21.589212808626066,0.0,0.0,-0.599,-0.024990000000000002,0.0,0.0
47508,1,0.7902742343646225,22.477289243056667,0.0,0.0,-0.843,-0.04853,0.0,0.0
47509,1,0.7914536057640972,20.740934391922167,0.0,0.0,-0.599,-0.0189,0.0,0.0
47511,1,0.8835667137067719,-4.743286910197316,0.0,0.0,0.0,0.0,0.0,0.0
47512,1,0.822535044740515,-2.4792688848677438,0.0,0.0,0.0,0.0,0.0,0.0
47513,1,0.8108147854415512,-0.5225041077848529,0.0,0.0,-0.21600000000000003,0.11800000000000001,0.0,0.0
47520,1,1.0596616123800415,-3.6539816680445067,0.0,0.0,0.0,0.0,0.0,0.0
47521,1,1.056922881049749,-3.607179578935507,0.0,0.0,0.0,0.0,0.0,0.0
47522,1,1.060603996881525,-4.407358375019474,0.0,0.0,0.0,0.0,0.0,0.0
47523,1,1.0688296502110148,-6.734454170509857,0.0,0.0,0.0,0.0,0.0,0.0
47524,1,1.069085361604515,-6.745888772005065,0.0,0.0,0.0,0.0,0.0,0.0
47525,1,1.0513542178702193,-0.9620900186238911,0.0,0.0,-0.594,0.09960000000000001,0.0,0.0
47526,1,1.0575248291950043,-0.7641834317862581,0.0,0.0,-0.594,0.10300000000000001,0.0,0.0
47527,1,1.0601004765567827,-0.6936398123749921,0.0,0.0,-0.446,0.062400000000000004,0.0,0.0
47619,1,0.788990104597916,13.543543310802981,0.0,0.0,-0.12300000000000001,0.0163,0.0,0.0
47620,1,0.7860016736956691,15.502723127604103,0.0,0.0,-0.141,0.019799999999999998,0.0,0.0
47645,1,0.9057612771056252,-11.074716749931998,0.0,0.0,0.0,0.0,0.0,0.0
47646,1,0.905157092884121,-10.900392623794241,0.0,0.0,0.0,0.0,0.0,0.0
47647,1,0.9029689067086093,-8.812523234278709,0.0,0.0,-0.3,0.07139999999999999,0.0,0.0
47648,1,0.9029656978300564,-8.89326984176658,0.0,0.0,-0.336,0.078,0.0,0.0
47649,1,0.910928174653488,-12.436400668582806,0.0,0.0,0.0,0.0,0.0,0.0
47692,1,0.9537591403938653,5.5938357608679095,0.0,0.0,-0.22399999999999998,0.0,0.0,0.0
47703,1,1.3768758864344008,-9.395691039919877,0.0,0.0,-0.002,0.0,0.0,0.0
47704,1,1.0110049158981687,3.260567757748132,0.0,0.0,-0.49700000000000005,0.0,0.0,0.0
47705,1,1.4192781589811507,4.192903179384107,0.0,0.0,-0.026000000000000002,0.0,0.0,0.0
47711,1,1.7147719592503072,-8.576069387342935,0.0,0.0,-1.103,0.045,0.0,0.0
47982,1,0.952623532591257,-7.4866547925891025,0.0,0.0,3.0,0.875,0.0,0.0
48036,1,0.9633082570420435,-5.3823561293037505,0.0,0.0,0.0,0.0,0.0,0.0
48037,1,0.9630879622302304,-1.5585433856427067,0.0,0.0,0.0,0.0,0.0,0.0
48038,1,0.9684387158753194,1.1763812729863468,0.0,0.0,-0.5579999999999999,-0.016399999999999998,0.0,0.0
48115,1,0.6045470499240719,23.6705502173021,0.0,0.0,-0.154,0.018500000000000003,0.0,0.0
48116,1,0.6013454299628693,23.67498427156573,0.0,0.0,-0.201,0.0269,0.0,0.0
48159,1,0.8828460425759457,-4.600125118637504,0.0,0.0,0.0,0.0,0.0,0.0
48160,1,0.8229231177979114,-2.2976821117618056,0.0,0.0,0.0,0.0,0.0,0.0
48161,1,0.8213823801412212,-2.5390053857805808,0.0,0.0,0.0,0.0,0.0,0.0
48162,1,0.834503612354915,-3.76317809600255,0.0,0.0,0.0,0.0,0.0,0.0
48163,1,0.8263407685314602,-2.9255873197905724,0.0,0.0,0.0,0.0,0.0,0.0
48164,1,0.8271700773623393,-2.9141398788076707,0.0,0.0,0.0,0.0,0.0,0.0
48165,1,0.827450248313515,-2.9300776950499747,0.0,0.0,0.0,0.0,0.0,0.0
48166,1,0.826573602785811,-2.911903225632222,0.0,0.0,0.0,0.0,0.0,0.0
48167,1,0.8135479403934933,-0.2689420996013055,0.0,0.0,-0.23399999999999999,0.113,0.0,0.0
48168,1,0.8089733542392487,-0.8739098570006001,0.0,0.0,-0.225,0.163,0.0,0.0
48169,1,0.8232929323749719,-1.7629568313740476,0.0,0.0,-0.081,0.054400000000000004,0.0,0.0
48170,1,0.8135939351187297,-0.9147041652729097,0.0,0.0,-0.153,0.0867,0.0,0.0
48171,1,0.8133913646275689,-0.5341440062758451,0.0,0.0,-0.153,0.0802,0.0,0.0
48172,1,0.8134743617416501,-0.479045222059975,0.0,0.0,-0.153,0.0788,0.0,0.0
48173,1,0.8136920954193122,-0.8075021721323588,0.0,0.0,-0.153,0.08449999999999999,0.0,0.0
48174,1,0.8378586911276985,-4.309272549564208,0.0,0.0,0.0,0.0,0.0,0.0
48175,1,0.8388769926424612,-4.448134254018721,0.0,0.0,0.0,0.0,0.0,0.0
48176,1,0.8384915922691385,-4.333214207196937,0.0,0.0,0.0,0.0,0.0,0.0
48177,1,0.8385337130020429,-4.333325452736986,0.0,0.0,0.0,0.0,0.0,0.0
48256,1,1.1875906729776486,-10.756345473326622,0.0,0.0,0.0,0.0,0.0,0.0
48257,1,0.9412212543626884,5.379753768419299,0.0,0.0,-0.012,-0.00425,0.0,0.0
48264,1,1.3466112723102321,-7.586392998731143,0.0,0.0,0.0,0.0,0.0,0.0
48265,1,1.3411751232363627,-5.793419569215331,0.0,0.0,0.0,0.0,0.0,0.0
48266,1,1.3423887604523301,-3.9935018967832954,0.0,0.0,-0.557,0.056100000000000004,0.0,0.0
48655,1,1.339606859437138,-4.955291497310788,0.0,0.0,-0.247,0.0286,0.0,0.0
48676,1,0.9174792542544465,5.444095838358355,0.0,0.0,0.0,0.0,0.0,0.0
48677,1,0.9167005616140098,5.816514052594356,0.0,0.0,0.0,0.0,0.0,0.0
48678,1,0.9168492191945254,5.8086303463952005,0.0,0.0,0.0,0.0,0.0,0.0
48679,1,0.9167005616139091,5.816514052597114,0.0,0.0,0.0,0.0,0.0,0.0
48680,1,0.9168492191944244,5.808630346397964,0.0,0.0,0.0,0.0,0.0,0.0
48681,1,0.9249803670969448,8.982543898842254,0.0,0.0,-0.599,-0.0189,0.0,0.0
48688,1,0.9449675650382448,2.1491868771349965,0.0,0.0,0.0,0.0,0.0,0.0
48689,1,0.944967565038978,2.149186877121275,0.0,0.0,0.0,0.0,0.0,0.0
